hexal_id,receptor_channel,node_id,node_type,u,v
0,0,0,R1,-15,0
0,1,721,R2,-15,0
0,2,1442,R3,-15,0
0,3,2163,R4,-15,0
0,4,2884,R5,-15,0
0,5,3605,R6,-15,0
0,6,4326,R7,-15,0
0,7,5047,R8,-15,0
1,0,1,R1,-15,1
1,1,722,R2,-15,1
1,2,1443,R3,-15,1
1,3,2164,R4,-15,1
1,4,2885,R5,-15,1
1,5,3606,R6,-15,1
1,6,4327,R7,-15,1
1,7,5048,R8,-15,1
2,0,2,R1,-15,2
2,1,723,R2,-15,2
2,2,1444,R3,-15,2
2,3,2165,R4,-15,2
2,4,2886,R5,-15,2
2,5,3607,R6,-15,2
2,6,4328,R7,-15,2
2,7,5049,R8,-15,2
3,0,3,R1,-15,3
3,1,724,R2,-15,3
3,2,1445,R3,-15,3
3,3,2166,R4,-15,3
3,4,2887,R5,-15,3
3,5,3608,R6,-15,3
3,6,4329,R7,-15,3
3,7,5050,R8,-15,3
4,0,4,R1,-15,4
4,1,725,R2,-15,4
4,2,1446,R3,-15,4
4,3,2167,R4,-15,4
4,4,2888,R5,-15,4
4,5,3609,R6,-15,4
4,6,4330,R7,-15,4
4,7,5051,R8,-15,4
5,0,5,R1,-15,5
5,1,726,R2,-15,5
5,2,1447,R3,-15,5
5,3,2168,R4,-15,5
5,4,2889,R5,-15,5
5,5,3610,R6,-15,5
5,6,4331,R7,-15,5
5,7,5052,R8,-15,5
6,0,6,R1,-15,6
6,1,727,R2,-15,6
6,2,1448,R3,-15,6
6,3,2169,R4,-15,6
6,4,2890,R5,-15,6
6,5,3611,R6,-15,6
6,6,4332,R7,-15,6
6,7,5053,R8,-15,6
7,0,7,R1,-15,7
7,1,728,R2,-15,7
7,2,1449,R3,-15,7
7,3,2170,R4,-15,7
7,4,2891,R5,-15,7
7,5,3612,R6,-15,7
7,6,4333,R7,-15,7
7,7,5054,R8,-15,7
8,0,8,R1,-15,8
8,1,729,R2,-15,8
8,2,1450,R3,-15,8
8,3,2171,R4,-15,8
8,4,2892,R5,-15,8
8,5,3613,R6,-15,8
8,6,4334,R7,-15,8
8,7,5055,R8,-15,8
9,0,9,R1,-15,9
9,1,730,R2,-15,9
9,2,1451,R3,-15,9
9,3,2172,R4,-15,9
9,4,2893,R5,-15,9
9,5,3614,R6,-15,9
9,6,4335,R7,-15,9
9,7,5056,R8,-15,9
10,0,10,R1,-15,10
10,1,731,R2,-15,10
10,2,1452,R3,-15,10
10,3,2173,R4,-15,10
10,4,2894,R5,-15,10
10,5,3615,R6,-15,10
10,6,4336,R7,-15,10
10,7,5057,R8,-15,10
11,0,11,R1,-15,11
11,1,732,R2,-15,11
11,2,1453,R3,-15,11
11,3,2174,R4,-15,11
11,4,2895,R5,-15,11
11,5,3616,R6,-15,11
11,6,4337,R7,-15,11
11,7,5058,R8,-15,11
12,0,12,R1,-15,12
12,1,733,R2,-15,12
12,2,1454,R3,-15,12
12,3,2175,R4,-15,12
12,4,2896,R5,-15,12
12,5,3617,R6,-15,12
12,6,4338,R7,-15,12
12,7,5059,R8,-15,12
13,0,13,R1,-15,13
13,1,734,R2,-15,13
13,2,1455,R3,-15,13
13,3,2176,R4,-15,13
13,4,2897,R5,-15,13
13,5,3618,R6,-15,13
13,6,4339,R7,-15,13
13,7,5060,R8,-15,13
14,0,14,R1,-15,14
14,1,735,R2,-15,14
14,2,1456,R3,-15,14
14,3,2177,R4,-15,14
14,4,2898,R5,-15,14
14,5,3619,R6,-15,14
14,6,4340,R7,-15,14
14,7,5061,R8,-15,14
15,0,15,R1,-15,15
15,1,736,R2,-15,15
15,2,1457,R3,-15,15
15,3,2178,R4,-15,15
15,4,2899,R5,-15,15
15,5,3620,R6,-15,15
15,6,4341,R7,-15,15
15,7,5062,R8,-15,15
16,0,16,R1,-14,-1
16,1,737,R2,-14,-1
16,2,1458,R3,-14,-1
16,3,2179,R4,-14,-1
16,4,2900,R5,-14,-1
16,5,3621,R6,-14,-1
16,6,4342,R7,-14,-1
16,7,5063,R8,-14,-1
17,0,17,R1,-14,0
17,1,738,R2,-14,0
17,2,1459,R3,-14,0
17,3,2180,R4,-14,0
17,4,2901,R5,-14,0
17,5,3622,R6,-14,0
17,6,4343,R7,-14,0
17,7,5064,R8,-14,0
18,0,18,R1,-14,1
18,1,739,R2,-14,1
18,2,1460,R3,-14,1
18,3,2181,R4,-14,1
18,4,2902,R5,-14,1
18,5,3623,R6,-14,1
18,6,4344,R7,-14,1
18,7,5065,R8,-14,1
19,0,19,R1,-14,2
19,1,740,R2,-14,2
19,2,1461,R3,-14,2
19,3,2182,R4,-14,2
19,4,2903,R5,-14,2
19,5,3624,R6,-14,2
19,6,4345,R7,-14,2
19,7,5066,R8,-14,2
20,0,20,R1,-14,3
20,1,741,R2,-14,3
20,2,1462,R3,-14,3
20,3,2183,R4,-14,3
20,4,2904,R5,-14,3
20,5,3625,R6,-14,3
20,6,4346,R7,-14,3
20,7,5067,R8,-14,3
21,0,21,R1,-14,4
21,1,742,R2,-14,4
21,2,1463,R3,-14,4
21,3,2184,R4,-14,4
21,4,2905,R5,-14,4
21,5,3626,R6,-14,4
21,6,4347,R7,-14,4
21,7,5068,R8,-14,4
22,0,22,R1,-14,5
22,1,743,R2,-14,5
22,2,1464,R3,-14,5
22,3,2185,R4,-14,5
22,4,2906,R5,-14,5
22,5,3627,R6,-14,5
22,6,4348,R7,-14,5
22,7,5069,R8,-14,5
23,0,23,R1,-14,6
23,1,744,R2,-14,6
23,2,1465,R3,-14,6
23,3,2186,R4,-14,6
23,4,2907,R5,-14,6
23,5,3628,R6,-14,6
23,6,4349,R7,-14,6
23,7,5070,R8,-14,6
24,0,24,R1,-14,7
24,1,745,R2,-14,7
24,2,1466,R3,-14,7
24,3,2187,R4,-14,7
24,4,2908,R5,-14,7
24,5,3629,R6,-14,7
24,6,4350,R7,-14,7
24,7,5071,R8,-14,7
25,0,25,R1,-14,8
25,1,746,R2,-14,8
25,2,1467,R3,-14,8
25,3,2188,R4,-14,8
25,4,2909,R5,-14,8
25,5,3630,R6,-14,8
25,6,4351,R7,-14,8
25,7,5072,R8,-14,8
26,0,26,R1,-14,9
26,1,747,R2,-14,9
26,2,1468,R3,-14,9
26,3,2189,R4,-14,9
26,4,2910,R5,-14,9
26,5,3631,R6,-14,9
26,6,4352,R7,-14,9
26,7,5073,R8,-14,9
27,0,27,R1,-14,10
27,1,748,R2,-14,10
27,2,1469,R3,-14,10
27,3,2190,R4,-14,10
27,4,2911,R5,-14,10
27,5,3632,R6,-14,10
27,6,4353,R7,-14,10
27,7,5074,R8,-14,10
28,0,28,R1,-14,11
28,1,749,R2,-14,11
28,2,1470,R3,-14,11
28,3,2191,R4,-14,11
28,4,2912,R5,-14,11
28,5,3633,R6,-14,11
28,6,4354,R7,-14,11
28,7,5075,R8,-14,11
29,0,29,R1,-14,12
29,1,750,R2,-14,12
29,2,1471,R3,-14,12
29,3,2192,R4,-14,12
29,4,2913,R5,-14,12
29,5,3634,R6,-14,12
29,6,4355,R7,-14,12
29,7,5076,R8,-14,12
30,0,30,R1,-14,13
30,1,751,R2,-14,13
30,2,1472,R3,-14,13
30,3,2193,R4,-14,13
30,4,2914,R5,-14,13
30,5,3635,R6,-14,13
30,6,4356,R7,-14,13
30,7,5077,R8,-14,13
31,0,31,R1,-14,14
31,1,752,R2,-14,14
31,2,1473,R3,-14,14
31,3,2194,R4,-14,14
31,4,2915,R5,-14,14
31,5,3636,R6,-14,14
31,6,4357,R7,-14,14
31,7,5078,R8,-14,14
32,0,32,R1,-14,15
32,1,753,R2,-14,15
32,2,1474,R3,-14,15
32,3,2195,R4,-14,15
32,4,2916,R5,-14,15
32,5,3637,R6,-14,15
32,6,4358,R7,-14,15
32,7,5079,R8,-14,15
33,0,33,R1,-13,-2
33,1,754,R2,-13,-2
33,2,1475,R3,-13,-2
33,3,2196,R4,-13,-2
33,4,2917,R5,-13,-2
33,5,3638,R6,-13,-2
33,6,4359,R7,-13,-2
33,7,5080,R8,-13,-2
34,0,34,R1,-13,-1
34,1,755,R2,-13,-1
34,2,1476,R3,-13,-1
34,3,2197,R4,-13,-1
34,4,2918,R5,-13,-1
34,5,3639,R6,-13,-1
34,6,4360,R7,-13,-1
34,7,5081,R8,-13,-1
35,0,35,R1,-13,0
35,1,756,R2,-13,0
35,2,1477,R3,-13,0
35,3,2198,R4,-13,0
35,4,2919,R5,-13,0
35,5,3640,R6,-13,0
35,6,4361,R7,-13,0
35,7,5082,R8,-13,0
36,0,36,R1,-13,1
36,1,757,R2,-13,1
36,2,1478,R3,-13,1
36,3,2199,R4,-13,1
36,4,2920,R5,-13,1
36,5,3641,R6,-13,1
36,6,4362,R7,-13,1
36,7,5083,R8,-13,1
37,0,37,R1,-13,2
37,1,758,R2,-13,2
37,2,1479,R3,-13,2
37,3,2200,R4,-13,2
37,4,2921,R5,-13,2
37,5,3642,R6,-13,2
37,6,4363,R7,-13,2
37,7,5084,R8,-13,2
38,0,38,R1,-13,3
38,1,759,R2,-13,3
38,2,1480,R3,-13,3
38,3,2201,R4,-13,3
38,4,2922,R5,-13,3
38,5,3643,R6,-13,3
38,6,4364,R7,-13,3
38,7,5085,R8,-13,3
39,0,39,R1,-13,4
39,1,760,R2,-13,4
39,2,1481,R3,-13,4
39,3,2202,R4,-13,4
39,4,2923,R5,-13,4
39,5,3644,R6,-13,4
39,6,4365,R7,-13,4
39,7,5086,R8,-13,4
40,0,40,R1,-13,5
40,1,761,R2,-13,5
40,2,1482,R3,-13,5
40,3,2203,R4,-13,5
40,4,2924,R5,-13,5
40,5,3645,R6,-13,5
40,6,4366,R7,-13,5
40,7,5087,R8,-13,5
41,0,41,R1,-13,6
41,1,762,R2,-13,6
41,2,1483,R3,-13,6
41,3,2204,R4,-13,6
41,4,2925,R5,-13,6
41,5,3646,R6,-13,6
41,6,4367,R7,-13,6
41,7,5088,R8,-13,6
42,0,42,R1,-13,7
42,1,763,R2,-13,7
42,2,1484,R3,-13,7
42,3,2205,R4,-13,7
42,4,2926,R5,-13,7
42,5,3647,R6,-13,7
42,6,4368,R7,-13,7
42,7,5089,R8,-13,7
43,0,43,R1,-13,8
43,1,764,R2,-13,8
43,2,1485,R3,-13,8
43,3,2206,R4,-13,8
43,4,2927,R5,-13,8
43,5,3648,R6,-13,8
43,6,4369,R7,-13,8
43,7,5090,R8,-13,8
44,0,44,R1,-13,9
44,1,765,R2,-13,9
44,2,1486,R3,-13,9
44,3,2207,R4,-13,9
44,4,2928,R5,-13,9
44,5,3649,R6,-13,9
44,6,4370,R7,-13,9
44,7,5091,R8,-13,9
45,0,45,R1,-13,10
45,1,766,R2,-13,10
45,2,1487,R3,-13,10
45,3,2208,R4,-13,10
45,4,2929,R5,-13,10
45,5,3650,R6,-13,10
45,6,4371,R7,-13,10
45,7,5092,R8,-13,10
46,0,46,R1,-13,11
46,1,767,R2,-13,11
46,2,1488,R3,-13,11
46,3,2209,R4,-13,11
46,4,2930,R5,-13,11
46,5,3651,R6,-13,11
46,6,4372,R7,-13,11
46,7,5093,R8,-13,11
47,0,47,R1,-13,12
47,1,768,R2,-13,12
47,2,1489,R3,-13,12
47,3,2210,R4,-13,12
47,4,2931,R5,-13,12
47,5,3652,R6,-13,12
47,6,4373,R7,-13,12
47,7,5094,R8,-13,12
48,0,48,R1,-13,13
48,1,769,R2,-13,13
48,2,1490,R3,-13,13
48,3,2211,R4,-13,13
48,4,2932,R5,-13,13
48,5,3653,R6,-13,13
48,6,4374,R7,-13,13
48,7,5095,R8,-13,13
49,0,49,R1,-13,14
49,1,770,R2,-13,14
49,2,1491,R3,-13,14
49,3,2212,R4,-13,14
49,4,2933,R5,-13,14
49,5,3654,R6,-13,14
49,6,4375,R7,-13,14
49,7,5096,R8,-13,14
50,0,50,R1,-13,15
50,1,771,R2,-13,15
50,2,1492,R3,-13,15
50,3,2213,R4,-13,15
50,4,2934,R5,-13,15
50,5,3655,R6,-13,15
50,6,4376,R7,-13,15
50,7,5097,R8,-13,15
51,0,51,R1,-12,-3
51,1,772,R2,-12,-3
51,2,1493,R3,-12,-3
51,3,2214,R4,-12,-3
51,4,2935,R5,-12,-3
51,5,3656,R6,-12,-3
51,6,4377,R7,-12,-3
51,7,5098,R8,-12,-3
52,0,52,R1,-12,-2
52,1,773,R2,-12,-2
52,2,1494,R3,-12,-2
52,3,2215,R4,-12,-2
52,4,2936,R5,-12,-2
52,5,3657,R6,-12,-2
52,6,4378,R7,-12,-2
52,7,5099,R8,-12,-2
53,0,53,R1,-12,-1
53,1,774,R2,-12,-1
53,2,1495,R3,-12,-1
53,3,2216,R4,-12,-1
53,4,2937,R5,-12,-1
53,5,3658,R6,-12,-1
53,6,4379,R7,-12,-1
53,7,5100,R8,-12,-1
54,0,54,R1,-12,0
54,1,775,R2,-12,0
54,2,1496,R3,-12,0
54,3,2217,R4,-12,0
54,4,2938,R5,-12,0
54,5,3659,R6,-12,0
54,6,4380,R7,-12,0
54,7,5101,R8,-12,0
55,0,55,R1,-12,1
55,1,776,R2,-12,1
55,2,1497,R3,-12,1
55,3,2218,R4,-12,1
55,4,2939,R5,-12,1
55,5,3660,R6,-12,1
55,6,4381,R7,-12,1
55,7,5102,R8,-12,1
56,0,56,R1,-12,2
56,1,777,R2,-12,2
56,2,1498,R3,-12,2
56,3,2219,R4,-12,2
56,4,2940,R5,-12,2
56,5,3661,R6,-12,2
56,6,4382,R7,-12,2
56,7,5103,R8,-12,2
57,0,57,R1,-12,3
57,1,778,R2,-12,3
57,2,1499,R3,-12,3
57,3,2220,R4,-12,3
57,4,2941,R5,-12,3
57,5,3662,R6,-12,3
57,6,4383,R7,-12,3
57,7,5104,R8,-12,3
58,0,58,R1,-12,4
58,1,779,R2,-12,4
58,2,1500,R3,-12,4
58,3,2221,R4,-12,4
58,4,2942,R5,-12,4
58,5,3663,R6,-12,4
58,6,4384,R7,-12,4
58,7,5105,R8,-12,4
59,0,59,R1,-12,5
59,1,780,R2,-12,5
59,2,1501,R3,-12,5
59,3,2222,R4,-12,5
59,4,2943,R5,-12,5
59,5,3664,R6,-12,5
59,6,4385,R7,-12,5
59,7,5106,R8,-12,5
60,0,60,R1,-12,6
60,1,781,R2,-12,6
60,2,1502,R3,-12,6
60,3,2223,R4,-12,6
60,4,2944,R5,-12,6
60,5,3665,R6,-12,6
60,6,4386,R7,-12,6
60,7,5107,R8,-12,6
61,0,61,R1,-12,7
61,1,782,R2,-12,7
61,2,1503,R3,-12,7
61,3,2224,R4,-12,7
61,4,2945,R5,-12,7
61,5,3666,R6,-12,7
61,6,4387,R7,-12,7
61,7,5108,R8,-12,7
62,0,62,R1,-12,8
62,1,783,R2,-12,8
62,2,1504,R3,-12,8
62,3,2225,R4,-12,8
62,4,2946,R5,-12,8
62,5,3667,R6,-12,8
62,6,4388,R7,-12,8
62,7,5109,R8,-12,8
63,0,63,R1,-12,9
63,1,784,R2,-12,9
63,2,1505,R3,-12,9
63,3,2226,R4,-12,9
63,4,2947,R5,-12,9
63,5,3668,R6,-12,9
63,6,4389,R7,-12,9
63,7,5110,R8,-12,9
64,0,64,R1,-12,10
64,1,785,R2,-12,10
64,2,1506,R3,-12,10
64,3,2227,R4,-12,10
64,4,2948,R5,-12,10
64,5,3669,R6,-12,10
64,6,4390,R7,-12,10
64,7,5111,R8,-12,10
65,0,65,R1,-12,11
65,1,786,R2,-12,11
65,2,1507,R3,-12,11
65,3,2228,R4,-12,11
65,4,2949,R5,-12,11
65,5,3670,R6,-12,11
65,6,4391,R7,-12,11
65,7,5112,R8,-12,11
66,0,66,R1,-12,12
66,1,787,R2,-12,12
66,2,1508,R3,-12,12
66,3,2229,R4,-12,12
66,4,2950,R5,-12,12
66,5,3671,R6,-12,12
66,6,4392,R7,-12,12
66,7,5113,R8,-12,12
67,0,67,R1,-12,13
67,1,788,R2,-12,13
67,2,1509,R3,-12,13
67,3,2230,R4,-12,13
67,4,2951,R5,-12,13
67,5,3672,R6,-12,13
67,6,4393,R7,-12,13
67,7,5114,R8,-12,13
68,0,68,R1,-12,14
68,1,789,R2,-12,14
68,2,1510,R3,-12,14
68,3,2231,R4,-12,14
68,4,2952,R5,-12,14
68,5,3673,R6,-12,14
68,6,4394,R7,-12,14
68,7,5115,R8,-12,14
69,0,69,R1,-12,15
69,1,790,R2,-12,15
69,2,1511,R3,-12,15
69,3,2232,R4,-12,15
69,4,2953,R5,-12,15
69,5,3674,R6,-12,15
69,6,4395,R7,-12,15
69,7,5116,R8,-12,15
70,0,70,R1,-11,-4
70,1,791,R2,-11,-4
70,2,1512,R3,-11,-4
70,3,2233,R4,-11,-4
70,4,2954,R5,-11,-4
70,5,3675,R6,-11,-4
70,6,4396,R7,-11,-4
70,7,5117,R8,-11,-4
71,0,71,R1,-11,-3
71,1,792,R2,-11,-3
71,2,1513,R3,-11,-3
71,3,2234,R4,-11,-3
71,4,2955,R5,-11,-3
71,5,3676,R6,-11,-3
71,6,4397,R7,-11,-3
71,7,5118,R8,-11,-3
72,0,72,R1,-11,-2
72,1,793,R2,-11,-2
72,2,1514,R3,-11,-2
72,3,2235,R4,-11,-2
72,4,2956,R5,-11,-2
72,5,3677,R6,-11,-2
72,6,4398,R7,-11,-2
72,7,5119,R8,-11,-2
73,0,73,R1,-11,-1
73,1,794,R2,-11,-1
73,2,1515,R3,-11,-1
73,3,2236,R4,-11,-1
73,4,2957,R5,-11,-1
73,5,3678,R6,-11,-1
73,6,4399,R7,-11,-1
73,7,5120,R8,-11,-1
74,0,74,R1,-11,0
74,1,795,R2,-11,0
74,2,1516,R3,-11,0
74,3,2237,R4,-11,0
74,4,2958,R5,-11,0
74,5,3679,R6,-11,0
74,6,4400,R7,-11,0
74,7,5121,R8,-11,0
75,0,75,R1,-11,1
75,1,796,R2,-11,1
75,2,1517,R3,-11,1
75,3,2238,R4,-11,1
75,4,2959,R5,-11,1
75,5,3680,R6,-11,1
75,6,4401,R7,-11,1
75,7,5122,R8,-11,1
76,0,76,R1,-11,2
76,1,797,R2,-11,2
76,2,1518,R3,-11,2
76,3,2239,R4,-11,2
76,4,2960,R5,-11,2
76,5,3681,R6,-11,2
76,6,4402,R7,-11,2
76,7,5123,R8,-11,2
77,0,77,R1,-11,3
77,1,798,R2,-11,3
77,2,1519,R3,-11,3
77,3,2240,R4,-11,3
77,4,2961,R5,-11,3
77,5,3682,R6,-11,3
77,6,4403,R7,-11,3
77,7,5124,R8,-11,3
78,0,78,R1,-11,4
78,1,799,R2,-11,4
78,2,1520,R3,-11,4
78,3,2241,R4,-11,4
78,4,2962,R5,-11,4
78,5,3683,R6,-11,4
78,6,4404,R7,-11,4
78,7,5125,R8,-11,4
79,0,79,R1,-11,5
79,1,800,R2,-11,5
79,2,1521,R3,-11,5
79,3,2242,R4,-11,5
79,4,2963,R5,-11,5
79,5,3684,R6,-11,5
79,6,4405,R7,-11,5
79,7,5126,R8,-11,5
80,0,80,R1,-11,6
80,1,801,R2,-11,6
80,2,1522,R3,-11,6
80,3,2243,R4,-11,6
80,4,2964,R5,-11,6
80,5,3685,R6,-11,6
80,6,4406,R7,-11,6
80,7,5127,R8,-11,6
81,0,81,R1,-11,7
81,1,802,R2,-11,7
81,2,1523,R3,-11,7
81,3,2244,R4,-11,7
81,4,2965,R5,-11,7
81,5,3686,R6,-11,7
81,6,4407,R7,-11,7
81,7,5128,R8,-11,7
82,0,82,R1,-11,8
82,1,803,R2,-11,8
82,2,1524,R3,-11,8
82,3,2245,R4,-11,8
82,4,2966,R5,-11,8
82,5,3687,R6,-11,8
82,6,4408,R7,-11,8
82,7,5129,R8,-11,8
83,0,83,R1,-11,9
83,1,804,R2,-11,9
83,2,1525,R3,-11,9
83,3,2246,R4,-11,9
83,4,2967,R5,-11,9
83,5,3688,R6,-11,9
83,6,4409,R7,-11,9
83,7,5130,R8,-11,9
84,0,84,R1,-11,10
84,1,805,R2,-11,10
84,2,1526,R3,-11,10
84,3,2247,R4,-11,10
84,4,2968,R5,-11,10
84,5,3689,R6,-11,10
84,6,4410,R7,-11,10
84,7,5131,R8,-11,10
85,0,85,R1,-11,11
85,1,806,R2,-11,11
85,2,1527,R3,-11,11
85,3,2248,R4,-11,11
85,4,2969,R5,-11,11
85,5,3690,R6,-11,11
85,6,4411,R7,-11,11
85,7,5132,R8,-11,11
86,0,86,R1,-11,12
86,1,807,R2,-11,12
86,2,1528,R3,-11,12
86,3,2249,R4,-11,12
86,4,2970,R5,-11,12
86,5,3691,R6,-11,12
86,6,4412,R7,-11,12
86,7,5133,R8,-11,12
87,0,87,R1,-11,13
87,1,808,R2,-11,13
87,2,1529,R3,-11,13
87,3,2250,R4,-11,13
87,4,2971,R5,-11,13
87,5,3692,R6,-11,13
87,6,4413,R7,-11,13
87,7,5134,R8,-11,13
88,0,88,R1,-11,14
88,1,809,R2,-11,14
88,2,1530,R3,-11,14
88,3,2251,R4,-11,14
88,4,2972,R5,-11,14
88,5,3693,R6,-11,14
88,6,4414,R7,-11,14
88,7,5135,R8,-11,14
89,0,89,R1,-11,15
89,1,810,R2,-11,15
89,2,1531,R3,-11,15
89,3,2252,R4,-11,15
89,4,2973,R5,-11,15
89,5,3694,R6,-11,15
89,6,4415,R7,-11,15
89,7,5136,R8,-11,15
90,0,90,R1,-10,-5
90,1,811,R2,-10,-5
90,2,1532,R3,-10,-5
90,3,2253,R4,-10,-5
90,4,2974,R5,-10,-5
90,5,3695,R6,-10,-5
90,6,4416,R7,-10,-5
90,7,5137,R8,-10,-5
91,0,91,R1,-10,-4
91,1,812,R2,-10,-4
91,2,1533,R3,-10,-4
91,3,2254,R4,-10,-4
91,4,2975,R5,-10,-4
91,5,3696,R6,-10,-4
91,6,4417,R7,-10,-4
91,7,5138,R8,-10,-4
92,0,92,R1,-10,-3
92,1,813,R2,-10,-3
92,2,1534,R3,-10,-3
92,3,2255,R4,-10,-3
92,4,2976,R5,-10,-3
92,5,3697,R6,-10,-3
92,6,4418,R7,-10,-3
92,7,5139,R8,-10,-3
93,0,93,R1,-10,-2
93,1,814,R2,-10,-2
93,2,1535,R3,-10,-2
93,3,2256,R4,-10,-2
93,4,2977,R5,-10,-2
93,5,3698,R6,-10,-2
93,6,4419,R7,-10,-2
93,7,5140,R8,-10,-2
94,0,94,R1,-10,-1
94,1,815,R2,-10,-1
94,2,1536,R3,-10,-1
94,3,2257,R4,-10,-1
94,4,2978,R5,-10,-1
94,5,3699,R6,-10,-1
94,6,4420,R7,-10,-1
94,7,5141,R8,-10,-1
95,0,95,R1,-10,0
95,1,816,R2,-10,0
95,2,1537,R3,-10,0
95,3,2258,R4,-10,0
95,4,2979,R5,-10,0
95,5,3700,R6,-10,0
95,6,4421,R7,-10,0
95,7,5142,R8,-10,0
96,0,96,R1,-10,1
96,1,817,R2,-10,1
96,2,1538,R3,-10,1
96,3,2259,R4,-10,1
96,4,2980,R5,-10,1
96,5,3701,R6,-10,1
96,6,4422,R7,-10,1
96,7,5143,R8,-10,1
97,0,97,R1,-10,2
97,1,818,R2,-10,2
97,2,1539,R3,-10,2
97,3,2260,R4,-10,2
97,4,2981,R5,-10,2
97,5,3702,R6,-10,2
97,6,4423,R7,-10,2
97,7,5144,R8,-10,2
98,0,98,R1,-10,3
98,1,819,R2,-10,3
98,2,1540,R3,-10,3
98,3,2261,R4,-10,3
98,4,2982,R5,-10,3
98,5,3703,R6,-10,3
98,6,4424,R7,-10,3
98,7,5145,R8,-10,3
99,0,99,R1,-10,4
99,1,820,R2,-10,4
99,2,1541,R3,-10,4
99,3,2262,R4,-10,4
99,4,2983,R5,-10,4
99,5,3704,R6,-10,4
99,6,4425,R7,-10,4
99,7,5146,R8,-10,4
100,0,100,R1,-10,5
100,1,821,R2,-10,5
100,2,1542,R3,-10,5
100,3,2263,R4,-10,5
100,4,2984,R5,-10,5
100,5,3705,R6,-10,5
100,6,4426,R7,-10,5
100,7,5147,R8,-10,5
101,0,101,R1,-10,6
101,1,822,R2,-10,6
101,2,1543,R3,-10,6
101,3,2264,R4,-10,6
101,4,2985,R5,-10,6
101,5,3706,R6,-10,6
101,6,4427,R7,-10,6
101,7,5148,R8,-10,6
102,0,102,R1,-10,7
102,1,823,R2,-10,7
102,2,1544,R3,-10,7
102,3,2265,R4,-10,7
102,4,2986,R5,-10,7
102,5,3707,R6,-10,7
102,6,4428,R7,-10,7
102,7,5149,R8,-10,7
103,0,103,R1,-10,8
103,1,824,R2,-10,8
103,2,1545,R3,-10,8
103,3,2266,R4,-10,8
103,4,2987,R5,-10,8
103,5,3708,R6,-10,8
103,6,4429,R7,-10,8
103,7,5150,R8,-10,8
104,0,104,R1,-10,9
104,1,825,R2,-10,9
104,2,1546,R3,-10,9
104,3,2267,R4,-10,9
104,4,2988,R5,-10,9
104,5,3709,R6,-10,9
104,6,4430,R7,-10,9
104,7,5151,R8,-10,9
105,0,105,R1,-10,10
105,1,826,R2,-10,10
105,2,1547,R3,-10,10
105,3,2268,R4,-10,10
105,4,2989,R5,-10,10
105,5,3710,R6,-10,10
105,6,4431,R7,-10,10
105,7,5152,R8,-10,10
106,0,106,R1,-10,11
106,1,827,R2,-10,11
106,2,1548,R3,-10,11
106,3,2269,R4,-10,11
106,4,2990,R5,-10,11
106,5,3711,R6,-10,11
106,6,4432,R7,-10,11
106,7,5153,R8,-10,11
107,0,107,R1,-10,12
107,1,828,R2,-10,12
107,2,1549,R3,-10,12
107,3,2270,R4,-10,12
107,4,2991,R5,-10,12
107,5,3712,R6,-10,12
107,6,4433,R7,-10,12
107,7,5154,R8,-10,12
108,0,108,R1,-10,13
108,1,829,R2,-10,13
108,2,1550,R3,-10,13
108,3,2271,R4,-10,13
108,4,2992,R5,-10,13
108,5,3713,R6,-10,13
108,6,4434,R7,-10,13
108,7,5155,R8,-10,13
109,0,109,R1,-10,14
109,1,830,R2,-10,14
109,2,1551,R3,-10,14
109,3,2272,R4,-10,14
109,4,2993,R5,-10,14
109,5,3714,R6,-10,14
109,6,4435,R7,-10,14
109,7,5156,R8,-10,14
110,0,110,R1,-10,15
110,1,831,R2,-10,15
110,2,1552,R3,-10,15
110,3,2273,R4,-10,15
110,4,2994,R5,-10,15
110,5,3715,R6,-10,15
110,6,4436,R7,-10,15
110,7,5157,R8,-10,15
111,0,111,R1,-9,-6
111,1,832,R2,-9,-6
111,2,1553,R3,-9,-6
111,3,2274,R4,-9,-6
111,4,2995,R5,-9,-6
111,5,3716,R6,-9,-6
111,6,4437,R7,-9,-6
111,7,5158,R8,-9,-6
112,0,112,R1,-9,-5
112,1,833,R2,-9,-5
112,2,1554,R3,-9,-5
112,3,2275,R4,-9,-5
112,4,2996,R5,-9,-5
112,5,3717,R6,-9,-5
112,6,4438,R7,-9,-5
112,7,5159,R8,-9,-5
113,0,113,R1,-9,-4
113,1,834,R2,-9,-4
113,2,1555,R3,-9,-4
113,3,2276,R4,-9,-4
113,4,2997,R5,-9,-4
113,5,3718,R6,-9,-4
113,6,4439,R7,-9,-4
113,7,5160,R8,-9,-4
114,0,114,R1,-9,-3
114,1,835,R2,-9,-3
114,2,1556,R3,-9,-3
114,3,2277,R4,-9,-3
114,4,2998,R5,-9,-3
114,5,3719,R6,-9,-3
114,6,4440,R7,-9,-3
114,7,5161,R8,-9,-3
115,0,115,R1,-9,-2
115,1,836,R2,-9,-2
115,2,1557,R3,-9,-2
115,3,2278,R4,-9,-2
115,4,2999,R5,-9,-2
115,5,3720,R6,-9,-2
115,6,4441,R7,-9,-2
115,7,5162,R8,-9,-2
116,0,116,R1,-9,-1
116,1,837,R2,-9,-1
116,2,1558,R3,-9,-1
116,3,2279,R4,-9,-1
116,4,3000,R5,-9,-1
116,5,3721,R6,-9,-1
116,6,4442,R7,-9,-1
116,7,5163,R8,-9,-1
117,0,117,R1,-9,0
117,1,838,R2,-9,0
117,2,1559,R3,-9,0
117,3,2280,R4,-9,0
117,4,3001,R5,-9,0
117,5,3722,R6,-9,0
117,6,4443,R7,-9,0
117,7,5164,R8,-9,0
118,0,118,R1,-9,1
118,1,839,R2,-9,1
118,2,1560,R3,-9,1
118,3,2281,R4,-9,1
118,4,3002,R5,-9,1
118,5,3723,R6,-9,1
118,6,4444,R7,-9,1
118,7,5165,R8,-9,1
119,0,119,R1,-9,2
119,1,840,R2,-9,2
119,2,1561,R3,-9,2
119,3,2282,R4,-9,2
119,4,3003,R5,-9,2
119,5,3724,R6,-9,2
119,6,4445,R7,-9,2
119,7,5166,R8,-9,2
120,0,120,R1,-9,3
120,1,841,R2,-9,3
120,2,1562,R3,-9,3
120,3,2283,R4,-9,3
120,4,3004,R5,-9,3
120,5,3725,R6,-9,3
120,6,4446,R7,-9,3
120,7,5167,R8,-9,3
121,0,121,R1,-9,4
121,1,842,R2,-9,4
121,2,1563,R3,-9,4
121,3,2284,R4,-9,4
121,4,3005,R5,-9,4
121,5,3726,R6,-9,4
121,6,4447,R7,-9,4
121,7,5168,R8,-9,4
122,0,122,R1,-9,5
122,1,843,R2,-9,5
122,2,1564,R3,-9,5
122,3,2285,R4,-9,5
122,4,3006,R5,-9,5
122,5,3727,R6,-9,5
122,6,4448,R7,-9,5
122,7,5169,R8,-9,5
123,0,123,R1,-9,6
123,1,844,R2,-9,6
123,2,1565,R3,-9,6
123,3,2286,R4,-9,6
123,4,3007,R5,-9,6
123,5,3728,R6,-9,6
123,6,4449,R7,-9,6
123,7,5170,R8,-9,6
124,0,124,R1,-9,7
124,1,845,R2,-9,7
124,2,1566,R3,-9,7
124,3,2287,R4,-9,7
124,4,3008,R5,-9,7
124,5,3729,R6,-9,7
124,6,4450,R7,-9,7
124,7,5171,R8,-9,7
125,0,125,R1,-9,8
125,1,846,R2,-9,8
125,2,1567,R3,-9,8
125,3,2288,R4,-9,8
125,4,3009,R5,-9,8
125,5,3730,R6,-9,8
125,6,4451,R7,-9,8
125,7,5172,R8,-9,8
126,0,126,R1,-9,9
126,1,847,R2,-9,9
126,2,1568,R3,-9,9
126,3,2289,R4,-9,9
126,4,3010,R5,-9,9
126,5,3731,R6,-9,9
126,6,4452,R7,-9,9
126,7,5173,R8,-9,9
127,0,127,R1,-9,10
127,1,848,R2,-9,10
127,2,1569,R3,-9,10
127,3,2290,R4,-9,10
127,4,3011,R5,-9,10
127,5,3732,R6,-9,10
127,6,4453,R7,-9,10
127,7,5174,R8,-9,10
128,0,128,R1,-9,11
128,1,849,R2,-9,11
128,2,1570,R3,-9,11
128,3,2291,R4,-9,11
128,4,3012,R5,-9,11
128,5,3733,R6,-9,11
128,6,4454,R7,-9,11
128,7,5175,R8,-9,11
129,0,129,R1,-9,12
129,1,850,R2,-9,12
129,2,1571,R3,-9,12
129,3,2292,R4,-9,12
129,4,3013,R5,-9,12
129,5,3734,R6,-9,12
129,6,4455,R7,-9,12
129,7,5176,R8,-9,12
130,0,130,R1,-9,13
130,1,851,R2,-9,13
130,2,1572,R3,-9,13
130,3,2293,R4,-9,13
130,4,3014,R5,-9,13
130,5,3735,R6,-9,13
130,6,4456,R7,-9,13
130,7,5177,R8,-9,13
131,0,131,R1,-9,14
131,1,852,R2,-9,14
131,2,1573,R3,-9,14
131,3,2294,R4,-9,14
131,4,3015,R5,-9,14
131,5,3736,R6,-9,14
131,6,4457,R7,-9,14
131,7,5178,R8,-9,14
132,0,132,R1,-9,15
132,1,853,R2,-9,15
132,2,1574,R3,-9,15
132,3,2295,R4,-9,15
132,4,3016,R5,-9,15
132,5,3737,R6,-9,15
132,6,4458,R7,-9,15
132,7,5179,R8,-9,15
133,0,133,R1,-8,-7
133,1,854,R2,-8,-7
133,2,1575,R3,-8,-7
133,3,2296,R4,-8,-7
133,4,3017,R5,-8,-7
133,5,3738,R6,-8,-7
133,6,4459,R7,-8,-7
133,7,5180,R8,-8,-7
134,0,134,R1,-8,-6
134,1,855,R2,-8,-6
134,2,1576,R3,-8,-6
134,3,2297,R4,-8,-6
134,4,3018,R5,-8,-6
134,5,3739,R6,-8,-6
134,6,4460,R7,-8,-6
134,7,5181,R8,-8,-6
135,0,135,R1,-8,-5
135,1,856,R2,-8,-5
135,2,1577,R3,-8,-5
135,3,2298,R4,-8,-5
135,4,3019,R5,-8,-5
135,5,3740,R6,-8,-5
135,6,4461,R7,-8,-5
135,7,5182,R8,-8,-5
136,0,136,R1,-8,-4
136,1,857,R2,-8,-4
136,2,1578,R3,-8,-4
136,3,2299,R4,-8,-4
136,4,3020,R5,-8,-4
136,5,3741,R6,-8,-4
136,6,4462,R7,-8,-4
136,7,5183,R8,-8,-4
137,0,137,R1,-8,-3
137,1,858,R2,-8,-3
137,2,1579,R3,-8,-3
137,3,2300,R4,-8,-3
137,4,3021,R5,-8,-3
137,5,3742,R6,-8,-3
137,6,4463,R7,-8,-3
137,7,5184,R8,-8,-3
138,0,138,R1,-8,-2
138,1,859,R2,-8,-2
138,2,1580,R3,-8,-2
138,3,2301,R4,-8,-2
138,4,3022,R5,-8,-2
138,5,3743,R6,-8,-2
138,6,4464,R7,-8,-2
138,7,5185,R8,-8,-2
139,0,139,R1,-8,-1
139,1,860,R2,-8,-1
139,2,1581,R3,-8,-1
139,3,2302,R4,-8,-1
139,4,3023,R5,-8,-1
139,5,3744,R6,-8,-1
139,6,4465,R7,-8,-1
139,7,5186,R8,-8,-1
140,0,140,R1,-8,0
140,1,861,R2,-8,0
140,2,1582,R3,-8,0
140,3,2303,R4,-8,0
140,4,3024,R5,-8,0
140,5,3745,R6,-8,0
140,6,4466,R7,-8,0
140,7,5187,R8,-8,0
141,0,141,R1,-8,1
141,1,862,R2,-8,1
141,2,1583,R3,-8,1
141,3,2304,R4,-8,1
141,4,3025,R5,-8,1
141,5,3746,R6,-8,1
141,6,4467,R7,-8,1
141,7,5188,R8,-8,1
142,0,142,R1,-8,2
142,1,863,R2,-8,2
142,2,1584,R3,-8,2
142,3,2305,R4,-8,2
142,4,3026,R5,-8,2
142,5,3747,R6,-8,2
142,6,4468,R7,-8,2
142,7,5189,R8,-8,2
143,0,143,R1,-8,3
143,1,864,R2,-8,3
143,2,1585,R3,-8,3
143,3,2306,R4,-8,3
143,4,3027,R5,-8,3
143,5,3748,R6,-8,3
143,6,4469,R7,-8,3
143,7,5190,R8,-8,3
144,0,144,R1,-8,4
144,1,865,R2,-8,4
144,2,1586,R3,-8,4
144,3,2307,R4,-8,4
144,4,3028,R5,-8,4
144,5,3749,R6,-8,4
144,6,4470,R7,-8,4
144,7,5191,R8,-8,4
145,0,145,R1,-8,5
145,1,866,R2,-8,5
145,2,1587,R3,-8,5
145,3,2308,R4,-8,5
145,4,3029,R5,-8,5
145,5,3750,R6,-8,5
145,6,4471,R7,-8,5
145,7,5192,R8,-8,5
146,0,146,R1,-8,6
146,1,867,R2,-8,6
146,2,1588,R3,-8,6
146,3,2309,R4,-8,6
146,4,3030,R5,-8,6
146,5,3751,R6,-8,6
146,6,4472,R7,-8,6
146,7,5193,R8,-8,6
147,0,147,R1,-8,7
147,1,868,R2,-8,7
147,2,1589,R3,-8,7
147,3,2310,R4,-8,7
147,4,3031,R5,-8,7
147,5,3752,R6,-8,7
147,6,4473,R7,-8,7
147,7,5194,R8,-8,7
148,0,148,R1,-8,8
148,1,869,R2,-8,8
148,2,1590,R3,-8,8
148,3,2311,R4,-8,8
148,4,3032,R5,-8,8
148,5,3753,R6,-8,8
148,6,4474,R7,-8,8
148,7,5195,R8,-8,8
149,0,149,R1,-8,9
149,1,870,R2,-8,9
149,2,1591,R3,-8,9
149,3,2312,R4,-8,9
149,4,3033,R5,-8,9
149,5,3754,R6,-8,9
149,6,4475,R7,-8,9
149,7,5196,R8,-8,9
150,0,150,R1,-8,10
150,1,871,R2,-8,10
150,2,1592,R3,-8,10
150,3,2313,R4,-8,10
150,4,3034,R5,-8,10
150,5,3755,R6,-8,10
150,6,4476,R7,-8,10
150,7,5197,R8,-8,10
151,0,151,R1,-8,11
151,1,872,R2,-8,11
151,2,1593,R3,-8,11
151,3,2314,R4,-8,11
151,4,3035,R5,-8,11
151,5,3756,R6,-8,11
151,6,4477,R7,-8,11
151,7,5198,R8,-8,11
152,0,152,R1,-8,12
152,1,873,R2,-8,12
152,2,1594,R3,-8,12
152,3,2315,R4,-8,12
152,4,3036,R5,-8,12
152,5,3757,R6,-8,12
152,6,4478,R7,-8,12
152,7,5199,R8,-8,12
153,0,153,R1,-8,13
153,1,874,R2,-8,13
153,2,1595,R3,-8,13
153,3,2316,R4,-8,13
153,4,3037,R5,-8,13
153,5,3758,R6,-8,13
153,6,4479,R7,-8,13
153,7,5200,R8,-8,13
154,0,154,R1,-8,14
154,1,875,R2,-8,14
154,2,1596,R3,-8,14
154,3,2317,R4,-8,14
154,4,3038,R5,-8,14
154,5,3759,R6,-8,14
154,6,4480,R7,-8,14
154,7,5201,R8,-8,14
155,0,155,R1,-8,15
155,1,876,R2,-8,15
155,2,1597,R3,-8,15
155,3,2318,R4,-8,15
155,4,3039,R5,-8,15
155,5,3760,R6,-8,15
155,6,4481,R7,-8,15
155,7,5202,R8,-8,15
156,0,156,R1,-7,-8
156,1,877,R2,-7,-8
156,2,1598,R3,-7,-8
156,3,2319,R4,-7,-8
156,4,3040,R5,-7,-8
156,5,3761,R6,-7,-8
156,6,4482,R7,-7,-8
156,7,5203,R8,-7,-8
157,0,157,R1,-7,-7
157,1,878,R2,-7,-7
157,2,1599,R3,-7,-7
157,3,2320,R4,-7,-7
157,4,3041,R5,-7,-7
157,5,3762,R6,-7,-7
157,6,4483,R7,-7,-7
157,7,5204,R8,-7,-7
158,0,158,R1,-7,-6
158,1,879,R2,-7,-6
158,2,1600,R3,-7,-6
158,3,2321,R4,-7,-6
158,4,3042,R5,-7,-6
158,5,3763,R6,-7,-6
158,6,4484,R7,-7,-6
158,7,5205,R8,-7,-6
159,0,159,R1,-7,-5
159,1,880,R2,-7,-5
159,2,1601,R3,-7,-5
159,3,2322,R4,-7,-5
159,4,3043,R5,-7,-5
159,5,3764,R6,-7,-5
159,6,4485,R7,-7,-5
159,7,5206,R8,-7,-5
160,0,160,R1,-7,-4
160,1,881,R2,-7,-4
160,2,1602,R3,-7,-4
160,3,2323,R4,-7,-4
160,4,3044,R5,-7,-4
160,5,3765,R6,-7,-4
160,6,4486,R7,-7,-4
160,7,5207,R8,-7,-4
161,0,161,R1,-7,-3
161,1,882,R2,-7,-3
161,2,1603,R3,-7,-3
161,3,2324,R4,-7,-3
161,4,3045,R5,-7,-3
161,5,3766,R6,-7,-3
161,6,4487,R7,-7,-3
161,7,5208,R8,-7,-3
162,0,162,R1,-7,-2
162,1,883,R2,-7,-2
162,2,1604,R3,-7,-2
162,3,2325,R4,-7,-2
162,4,3046,R5,-7,-2
162,5,3767,R6,-7,-2
162,6,4488,R7,-7,-2
162,7,5209,R8,-7,-2
163,0,163,R1,-7,-1
163,1,884,R2,-7,-1
163,2,1605,R3,-7,-1
163,3,2326,R4,-7,-1
163,4,3047,R5,-7,-1
163,5,3768,R6,-7,-1
163,6,4489,R7,-7,-1
163,7,5210,R8,-7,-1
164,0,164,R1,-7,0
164,1,885,R2,-7,0
164,2,1606,R3,-7,0
164,3,2327,R4,-7,0
164,4,3048,R5,-7,0
164,5,3769,R6,-7,0
164,6,4490,R7,-7,0
164,7,5211,R8,-7,0
165,0,165,R1,-7,1
165,1,886,R2,-7,1
165,2,1607,R3,-7,1
165,3,2328,R4,-7,1
165,4,3049,R5,-7,1
165,5,3770,R6,-7,1
165,6,4491,R7,-7,1
165,7,5212,R8,-7,1
166,0,166,R1,-7,2
166,1,887,R2,-7,2
166,2,1608,R3,-7,2
166,3,2329,R4,-7,2
166,4,3050,R5,-7,2
166,5,3771,R6,-7,2
166,6,4492,R7,-7,2
166,7,5213,R8,-7,2
167,0,167,R1,-7,3
167,1,888,R2,-7,3
167,2,1609,R3,-7,3
167,3,2330,R4,-7,3
167,4,3051,R5,-7,3
167,5,3772,R6,-7,3
167,6,4493,R7,-7,3
167,7,5214,R8,-7,3
168,0,168,R1,-7,4
168,1,889,R2,-7,4
168,2,1610,R3,-7,4
168,3,2331,R4,-7,4
168,4,3052,R5,-7,4
168,5,3773,R6,-7,4
168,6,4494,R7,-7,4
168,7,5215,R8,-7,4
169,0,169,R1,-7,5
169,1,890,R2,-7,5
169,2,1611,R3,-7,5
169,3,2332,R4,-7,5
169,4,3053,R5,-7,5
169,5,3774,R6,-7,5
169,6,4495,R7,-7,5
169,7,5216,R8,-7,5
170,0,170,R1,-7,6
170,1,891,R2,-7,6
170,2,1612,R3,-7,6
170,3,2333,R4,-7,6
170,4,3054,R5,-7,6
170,5,3775,R6,-7,6
170,6,4496,R7,-7,6
170,7,5217,R8,-7,6
171,0,171,R1,-7,7
171,1,892,R2,-7,7
171,2,1613,R3,-7,7
171,3,2334,R4,-7,7
171,4,3055,R5,-7,7
171,5,3776,R6,-7,7
171,6,4497,R7,-7,7
171,7,5218,R8,-7,7
172,0,172,R1,-7,8
172,1,893,R2,-7,8
172,2,1614,R3,-7,8
172,3,2335,R4,-7,8
172,4,3056,R5,-7,8
172,5,3777,R6,-7,8
172,6,4498,R7,-7,8
172,7,5219,R8,-7,8
173,0,173,R1,-7,9
173,1,894,R2,-7,9
173,2,1615,R3,-7,9
173,3,2336,R4,-7,9
173,4,3057,R5,-7,9
173,5,3778,R6,-7,9
173,6,4499,R7,-7,9
173,7,5220,R8,-7,9
174,0,174,R1,-7,10
174,1,895,R2,-7,10
174,2,1616,R3,-7,10
174,3,2337,R4,-7,10
174,4,3058,R5,-7,10
174,5,3779,R6,-7,10
174,6,4500,R7,-7,10
174,7,5221,R8,-7,10
175,0,175,R1,-7,11
175,1,896,R2,-7,11
175,2,1617,R3,-7,11
175,3,2338,R4,-7,11
175,4,3059,R5,-7,11
175,5,3780,R6,-7,11
175,6,4501,R7,-7,11
175,7,5222,R8,-7,11
176,0,176,R1,-7,12
176,1,897,R2,-7,12
176,2,1618,R3,-7,12
176,3,2339,R4,-7,12
176,4,3060,R5,-7,12
176,5,3781,R6,-7,12
176,6,4502,R7,-7,12
176,7,5223,R8,-7,12
177,0,177,R1,-7,13
177,1,898,R2,-7,13
177,2,1619,R3,-7,13
177,3,2340,R4,-7,13
177,4,3061,R5,-7,13
177,5,3782,R6,-7,13
177,6,4503,R7,-7,13
177,7,5224,R8,-7,13
178,0,178,R1,-7,14
178,1,899,R2,-7,14
178,2,1620,R3,-7,14
178,3,2341,R4,-7,14
178,4,3062,R5,-7,14
178,5,3783,R6,-7,14
178,6,4504,R7,-7,14
178,7,5225,R8,-7,14
179,0,179,R1,-7,15
179,1,900,R2,-7,15
179,2,1621,R3,-7,15
179,3,2342,R4,-7,15
179,4,3063,R5,-7,15
179,5,3784,R6,-7,15
179,6,4505,R7,-7,15
179,7,5226,R8,-7,15
180,0,180,R1,-6,-9
180,1,901,R2,-6,-9
180,2,1622,R3,-6,-9
180,3,2343,R4,-6,-9
180,4,3064,R5,-6,-9
180,5,3785,R6,-6,-9
180,6,4506,R7,-6,-9
180,7,5227,R8,-6,-9
181,0,181,R1,-6,-8
181,1,902,R2,-6,-8
181,2,1623,R3,-6,-8
181,3,2344,R4,-6,-8
181,4,3065,R5,-6,-8
181,5,3786,R6,-6,-8
181,6,4507,R7,-6,-8
181,7,5228,R8,-6,-8
182,0,182,R1,-6,-7
182,1,903,R2,-6,-7
182,2,1624,R3,-6,-7
182,3,2345,R4,-6,-7
182,4,3066,R5,-6,-7
182,5,3787,R6,-6,-7
182,6,4508,R7,-6,-7
182,7,5229,R8,-6,-7
183,0,183,R1,-6,-6
183,1,904,R2,-6,-6
183,2,1625,R3,-6,-6
183,3,2346,R4,-6,-6
183,4,3067,R5,-6,-6
183,5,3788,R6,-6,-6
183,6,4509,R7,-6,-6
183,7,5230,R8,-6,-6
184,0,184,R1,-6,-5
184,1,905,R2,-6,-5
184,2,1626,R3,-6,-5
184,3,2347,R4,-6,-5
184,4,3068,R5,-6,-5
184,5,3789,R6,-6,-5
184,6,4510,R7,-6,-5
184,7,5231,R8,-6,-5
185,0,185,R1,-6,-4
185,1,906,R2,-6,-4
185,2,1627,R3,-6,-4
185,3,2348,R4,-6,-4
185,4,3069,R5,-6,-4
185,5,3790,R6,-6,-4
185,6,4511,R7,-6,-4
185,7,5232,R8,-6,-4
186,0,186,R1,-6,-3
186,1,907,R2,-6,-3
186,2,1628,R3,-6,-3
186,3,2349,R4,-6,-3
186,4,3070,R5,-6,-3
186,5,3791,R6,-6,-3
186,6,4512,R7,-6,-3
186,7,5233,R8,-6,-3
187,0,187,R1,-6,-2
187,1,908,R2,-6,-2
187,2,1629,R3,-6,-2
187,3,2350,R4,-6,-2
187,4,3071,R5,-6,-2
187,5,3792,R6,-6,-2
187,6,4513,R7,-6,-2
187,7,5234,R8,-6,-2
188,0,188,R1,-6,-1
188,1,909,R2,-6,-1
188,2,1630,R3,-6,-1
188,3,2351,R4,-6,-1
188,4,3072,R5,-6,-1
188,5,3793,R6,-6,-1
188,6,4514,R7,-6,-1
188,7,5235,R8,-6,-1
189,0,189,R1,-6,0
189,1,910,R2,-6,0
189,2,1631,R3,-6,0
189,3,2352,R4,-6,0
189,4,3073,R5,-6,0
189,5,3794,R6,-6,0
189,6,4515,R7,-6,0
189,7,5236,R8,-6,0
190,0,190,R1,-6,1
190,1,911,R2,-6,1
190,2,1632,R3,-6,1
190,3,2353,R4,-6,1
190,4,3074,R5,-6,1
190,5,3795,R6,-6,1
190,6,4516,R7,-6,1
190,7,5237,R8,-6,1
191,0,191,R1,-6,2
191,1,912,R2,-6,2
191,2,1633,R3,-6,2
191,3,2354,R4,-6,2
191,4,3075,R5,-6,2
191,5,3796,R6,-6,2
191,6,4517,R7,-6,2
191,7,5238,R8,-6,2
192,0,192,R1,-6,3
192,1,913,R2,-6,3
192,2,1634,R3,-6,3
192,3,2355,R4,-6,3
192,4,3076,R5,-6,3
192,5,3797,R6,-6,3
192,6,4518,R7,-6,3
192,7,5239,R8,-6,3
193,0,193,R1,-6,4
193,1,914,R2,-6,4
193,2,1635,R3,-6,4
193,3,2356,R4,-6,4
193,4,3077,R5,-6,4
193,5,3798,R6,-6,4
193,6,4519,R7,-6,4
193,7,5240,R8,-6,4
194,0,194,R1,-6,5
194,1,915,R2,-6,5
194,2,1636,R3,-6,5
194,3,2357,R4,-6,5
194,4,3078,R5,-6,5
194,5,3799,R6,-6,5
194,6,4520,R7,-6,5
194,7,5241,R8,-6,5
195,0,195,R1,-6,6
195,1,916,R2,-6,6
195,2,1637,R3,-6,6
195,3,2358,R4,-6,6
195,4,3079,R5,-6,6
195,5,3800,R6,-6,6
195,6,4521,R7,-6,6
195,7,5242,R8,-6,6
196,0,196,R1,-6,7
196,1,917,R2,-6,7
196,2,1638,R3,-6,7
196,3,2359,R4,-6,7
196,4,3080,R5,-6,7
196,5,3801,R6,-6,7
196,6,4522,R7,-6,7
196,7,5243,R8,-6,7
197,0,197,R1,-6,8
197,1,918,R2,-6,8
197,2,1639,R3,-6,8
197,3,2360,R4,-6,8
197,4,3081,R5,-6,8
197,5,3802,R6,-6,8
197,6,4523,R7,-6,8
197,7,5244,R8,-6,8
198,0,198,R1,-6,9
198,1,919,R2,-6,9
198,2,1640,R3,-6,9
198,3,2361,R4,-6,9
198,4,3082,R5,-6,9
198,5,3803,R6,-6,9
198,6,4524,R7,-6,9
198,7,5245,R8,-6,9
199,0,199,R1,-6,10
199,1,920,R2,-6,10
199,2,1641,R3,-6,10
199,3,2362,R4,-6,10
199,4,3083,R5,-6,10
199,5,3804,R6,-6,10
199,6,4525,R7,-6,10
199,7,5246,R8,-6,10
200,0,200,R1,-6,11
200,1,921,R2,-6,11
200,2,1642,R3,-6,11
200,3,2363,R4,-6,11
200,4,3084,R5,-6,11
200,5,3805,R6,-6,11
200,6,4526,R7,-6,11
200,7,5247,R8,-6,11
201,0,201,R1,-6,12
201,1,922,R2,-6,12
201,2,1643,R3,-6,12
201,3,2364,R4,-6,12
201,4,3085,R5,-6,12
201,5,3806,R6,-6,12
201,6,4527,R7,-6,12
201,7,5248,R8,-6,12
202,0,202,R1,-6,13
202,1,923,R2,-6,13
202,2,1644,R3,-6,13
202,3,2365,R4,-6,13
202,4,3086,R5,-6,13
202,5,3807,R6,-6,13
202,6,4528,R7,-6,13
202,7,5249,R8,-6,13
203,0,203,R1,-6,14
203,1,924,R2,-6,14
203,2,1645,R3,-6,14
203,3,2366,R4,-6,14
203,4,3087,R5,-6,14
203,5,3808,R6,-6,14
203,6,4529,R7,-6,14
203,7,5250,R8,-6,14
204,0,204,R1,-6,15
204,1,925,R2,-6,15
204,2,1646,R3,-6,15
204,3,2367,R4,-6,15
204,4,3088,R5,-6,15
204,5,3809,R6,-6,15
204,6,4530,R7,-6,15
204,7,5251,R8,-6,15
205,0,205,R1,-5,-10
205,1,926,R2,-5,-10
205,2,1647,R3,-5,-10
205,3,2368,R4,-5,-10
205,4,3089,R5,-5,-10
205,5,3810,R6,-5,-10
205,6,4531,R7,-5,-10
205,7,5252,R8,-5,-10
206,0,206,R1,-5,-9
206,1,927,R2,-5,-9
206,2,1648,R3,-5,-9
206,3,2369,R4,-5,-9
206,4,3090,R5,-5,-9
206,5,3811,R6,-5,-9
206,6,4532,R7,-5,-9
206,7,5253,R8,-5,-9
207,0,207,R1,-5,-8
207,1,928,R2,-5,-8
207,2,1649,R3,-5,-8
207,3,2370,R4,-5,-8
207,4,3091,R5,-5,-8
207,5,3812,R6,-5,-8
207,6,4533,R7,-5,-8
207,7,5254,R8,-5,-8
208,0,208,R1,-5,-7
208,1,929,R2,-5,-7
208,2,1650,R3,-5,-7
208,3,2371,R4,-5,-7
208,4,3092,R5,-5,-7
208,5,3813,R6,-5,-7
208,6,4534,R7,-5,-7
208,7,5255,R8,-5,-7
209,0,209,R1,-5,-6
209,1,930,R2,-5,-6
209,2,1651,R3,-5,-6
209,3,2372,R4,-5,-6
209,4,3093,R5,-5,-6
209,5,3814,R6,-5,-6
209,6,4535,R7,-5,-6
209,7,5256,R8,-5,-6
210,0,210,R1,-5,-5
210,1,931,R2,-5,-5
210,2,1652,R3,-5,-5
210,3,2373,R4,-5,-5
210,4,3094,R5,-5,-5
210,5,3815,R6,-5,-5
210,6,4536,R7,-5,-5
210,7,5257,R8,-5,-5
211,0,211,R1,-5,-4
211,1,932,R2,-5,-4
211,2,1653,R3,-5,-4
211,3,2374,R4,-5,-4
211,4,3095,R5,-5,-4
211,5,3816,R6,-5,-4
211,6,4537,R7,-5,-4
211,7,5258,R8,-5,-4
212,0,212,R1,-5,-3
212,1,933,R2,-5,-3
212,2,1654,R3,-5,-3
212,3,2375,R4,-5,-3
212,4,3096,R5,-5,-3
212,5,3817,R6,-5,-3
212,6,4538,R7,-5,-3
212,7,5259,R8,-5,-3
213,0,213,R1,-5,-2
213,1,934,R2,-5,-2
213,2,1655,R3,-5,-2
213,3,2376,R4,-5,-2
213,4,3097,R5,-5,-2
213,5,3818,R6,-5,-2
213,6,4539,R7,-5,-2
213,7,5260,R8,-5,-2
214,0,214,R1,-5,-1
214,1,935,R2,-5,-1
214,2,1656,R3,-5,-1
214,3,2377,R4,-5,-1
214,4,3098,R5,-5,-1
214,5,3819,R6,-5,-1
214,6,4540,R7,-5,-1
214,7,5261,R8,-5,-1
215,0,215,R1,-5,0
215,1,936,R2,-5,0
215,2,1657,R3,-5,0
215,3,2378,R4,-5,0
215,4,3099,R5,-5,0
215,5,3820,R6,-5,0
215,6,4541,R7,-5,0
215,7,5262,R8,-5,0
216,0,216,R1,-5,1
216,1,937,R2,-5,1
216,2,1658,R3,-5,1
216,3,2379,R4,-5,1
216,4,3100,R5,-5,1
216,5,3821,R6,-5,1
216,6,4542,R7,-5,1
216,7,5263,R8,-5,1
217,0,217,R1,-5,2
217,1,938,R2,-5,2
217,2,1659,R3,-5,2
217,3,2380,R4,-5,2
217,4,3101,R5,-5,2
217,5,3822,R6,-5,2
217,6,4543,R7,-5,2
217,7,5264,R8,-5,2
218,0,218,R1,-5,3
218,1,939,R2,-5,3
218,2,1660,R3,-5,3
218,3,2381,R4,-5,3
218,4,3102,R5,-5,3
218,5,3823,R6,-5,3
218,6,4544,R7,-5,3
218,7,5265,R8,-5,3
219,0,219,R1,-5,4
219,1,940,R2,-5,4
219,2,1661,R3,-5,4
219,3,2382,R4,-5,4
219,4,3103,R5,-5,4
219,5,3824,R6,-5,4
219,6,4545,R7,-5,4
219,7,5266,R8,-5,4
220,0,220,R1,-5,5
220,1,941,R2,-5,5
220,2,1662,R3,-5,5
220,3,2383,R4,-5,5
220,4,3104,R5,-5,5
220,5,3825,R6,-5,5
220,6,4546,R7,-5,5
220,7,5267,R8,-5,5
221,0,221,R1,-5,6
221,1,942,R2,-5,6
221,2,1663,R3,-5,6
221,3,2384,R4,-5,6
221,4,3105,R5,-5,6
221,5,3826,R6,-5,6
221,6,4547,R7,-5,6
221,7,5268,R8,-5,6
222,0,222,R1,-5,7
222,1,943,R2,-5,7
222,2,1664,R3,-5,7
222,3,2385,R4,-5,7
222,4,3106,R5,-5,7
222,5,3827,R6,-5,7
222,6,4548,R7,-5,7
222,7,5269,R8,-5,7
223,0,223,R1,-5,8
223,1,944,R2,-5,8
223,2,1665,R3,-5,8
223,3,2386,R4,-5,8
223,4,3107,R5,-5,8
223,5,3828,R6,-5,8
223,6,4549,R7,-5,8
223,7,5270,R8,-5,8
224,0,224,R1,-5,9
224,1,945,R2,-5,9
224,2,1666,R3,-5,9
224,3,2387,R4,-5,9
224,4,3108,R5,-5,9
224,5,3829,R6,-5,9
224,6,4550,R7,-5,9
224,7,5271,R8,-5,9
225,0,225,R1,-5,10
225,1,946,R2,-5,10
225,2,1667,R3,-5,10
225,3,2388,R4,-5,10
225,4,3109,R5,-5,10
225,5,3830,R6,-5,10
225,6,4551,R7,-5,10
225,7,5272,R8,-5,10
226,0,226,R1,-5,11
226,1,947,R2,-5,11
226,2,1668,R3,-5,11
226,3,2389,R4,-5,11
226,4,3110,R5,-5,11
226,5,3831,R6,-5,11
226,6,4552,R7,-5,11
226,7,5273,R8,-5,11
227,0,227,R1,-5,12
227,1,948,R2,-5,12
227,2,1669,R3,-5,12
227,3,2390,R4,-5,12
227,4,3111,R5,-5,12
227,5,3832,R6,-5,12
227,6,4553,R7,-5,12
227,7,5274,R8,-5,12
228,0,228,R1,-5,13
228,1,949,R2,-5,13
228,2,1670,R3,-5,13
228,3,2391,R4,-5,13
228,4,3112,R5,-5,13
228,5,3833,R6,-5,13
228,6,4554,R7,-5,13
228,7,5275,R8,-5,13
229,0,229,R1,-5,14
229,1,950,R2,-5,14
229,2,1671,R3,-5,14
229,3,2392,R4,-5,14
229,4,3113,R5,-5,14
229,5,3834,R6,-5,14
229,6,4555,R7,-5,14
229,7,5276,R8,-5,14
230,0,230,R1,-5,15
230,1,951,R2,-5,15
230,2,1672,R3,-5,15
230,3,2393,R4,-5,15
230,4,3114,R5,-5,15
230,5,3835,R6,-5,15
230,6,4556,R7,-5,15
230,7,5277,R8,-5,15
231,0,231,R1,-4,-11
231,1,952,R2,-4,-11
231,2,1673,R3,-4,-11
231,3,2394,R4,-4,-11
231,4,3115,R5,-4,-11
231,5,3836,R6,-4,-11
231,6,4557,R7,-4,-11
231,7,5278,R8,-4,-11
232,0,232,R1,-4,-10
232,1,953,R2,-4,-10
232,2,1674,R3,-4,-10
232,3,2395,R4,-4,-10
232,4,3116,R5,-4,-10
232,5,3837,R6,-4,-10
232,6,4558,R7,-4,-10
232,7,5279,R8,-4,-10
233,0,233,R1,-4,-9
233,1,954,R2,-4,-9
233,2,1675,R3,-4,-9
233,3,2396,R4,-4,-9
233,4,3117,R5,-4,-9
233,5,3838,R6,-4,-9
233,6,4559,R7,-4,-9
233,7,5280,R8,-4,-9
234,0,234,R1,-4,-8
234,1,955,R2,-4,-8
234,2,1676,R3,-4,-8
234,3,2397,R4,-4,-8
234,4,3118,R5,-4,-8
234,5,3839,R6,-4,-8
234,6,4560,R7,-4,-8
234,7,5281,R8,-4,-8
235,0,235,R1,-4,-7
235,1,956,R2,-4,-7
235,2,1677,R3,-4,-7
235,3,2398,R4,-4,-7
235,4,3119,R5,-4,-7
235,5,3840,R6,-4,-7
235,6,4561,R7,-4,-7
235,7,5282,R8,-4,-7
236,0,236,R1,-4,-6
236,1,957,R2,-4,-6
236,2,1678,R3,-4,-6
236,3,2399,R4,-4,-6
236,4,3120,R5,-4,-6
236,5,3841,R6,-4,-6
236,6,4562,R7,-4,-6
236,7,5283,R8,-4,-6
237,0,237,R1,-4,-5
237,1,958,R2,-4,-5
237,2,1679,R3,-4,-5
237,3,2400,R4,-4,-5
237,4,3121,R5,-4,-5
237,5,3842,R6,-4,-5
237,6,4563,R7,-4,-5
237,7,5284,R8,-4,-5
238,0,238,R1,-4,-4
238,1,959,R2,-4,-4
238,2,1680,R3,-4,-4
238,3,2401,R4,-4,-4
238,4,3122,R5,-4,-4
238,5,3843,R6,-4,-4
238,6,4564,R7,-4,-4
238,7,5285,R8,-4,-4
239,0,239,R1,-4,-3
239,1,960,R2,-4,-3
239,2,1681,R3,-4,-3
239,3,2402,R4,-4,-3
239,4,3123,R5,-4,-3
239,5,3844,R6,-4,-3
239,6,4565,R7,-4,-3
239,7,5286,R8,-4,-3
240,0,240,R1,-4,-2
240,1,961,R2,-4,-2
240,2,1682,R3,-4,-2
240,3,2403,R4,-4,-2
240,4,3124,R5,-4,-2
240,5,3845,R6,-4,-2
240,6,4566,R7,-4,-2
240,7,5287,R8,-4,-2
241,0,241,R1,-4,-1
241,1,962,R2,-4,-1
241,2,1683,R3,-4,-1
241,3,2404,R4,-4,-1
241,4,3125,R5,-4,-1
241,5,3846,R6,-4,-1
241,6,4567,R7,-4,-1
241,7,5288,R8,-4,-1
242,0,242,R1,-4,0
242,1,963,R2,-4,0
242,2,1684,R3,-4,0
242,3,2405,R4,-4,0
242,4,3126,R5,-4,0
242,5,3847,R6,-4,0
242,6,4568,R7,-4,0
242,7,5289,R8,-4,0
243,0,243,R1,-4,1
243,1,964,R2,-4,1
243,2,1685,R3,-4,1
243,3,2406,R4,-4,1
243,4,3127,R5,-4,1
243,5,3848,R6,-4,1
243,6,4569,R7,-4,1
243,7,5290,R8,-4,1
244,0,244,R1,-4,2
244,1,965,R2,-4,2
244,2,1686,R3,-4,2
244,3,2407,R4,-4,2
244,4,3128,R5,-4,2
244,5,3849,R6,-4,2
244,6,4570,R7,-4,2
244,7,5291,R8,-4,2
245,0,245,R1,-4,3
245,1,966,R2,-4,3
245,2,1687,R3,-4,3
245,3,2408,R4,-4,3
245,4,3129,R5,-4,3
245,5,3850,R6,-4,3
245,6,4571,R7,-4,3
245,7,5292,R8,-4,3
246,0,246,R1,-4,4
246,1,967,R2,-4,4
246,2,1688,R3,-4,4
246,3,2409,R4,-4,4
246,4,3130,R5,-4,4
246,5,3851,R6,-4,4
246,6,4572,R7,-4,4
246,7,5293,R8,-4,4
247,0,247,R1,-4,5
247,1,968,R2,-4,5
247,2,1689,R3,-4,5
247,3,2410,R4,-4,5
247,4,3131,R5,-4,5
247,5,3852,R6,-4,5
247,6,4573,R7,-4,5
247,7,5294,R8,-4,5
248,0,248,R1,-4,6
248,1,969,R2,-4,6
248,2,1690,R3,-4,6
248,3,2411,R4,-4,6
248,4,3132,R5,-4,6
248,5,3853,R6,-4,6
248,6,4574,R7,-4,6
248,7,5295,R8,-4,6
249,0,249,R1,-4,7
249,1,970,R2,-4,7
249,2,1691,R3,-4,7
249,3,2412,R4,-4,7
249,4,3133,R5,-4,7
249,5,3854,R6,-4,7
249,6,4575,R7,-4,7
249,7,5296,R8,-4,7
250,0,250,R1,-4,8
250,1,971,R2,-4,8
250,2,1692,R3,-4,8
250,3,2413,R4,-4,8
250,4,3134,R5,-4,8
250,5,3855,R6,-4,8
250,6,4576,R7,-4,8
250,7,5297,R8,-4,8
251,0,251,R1,-4,9
251,1,972,R2,-4,9
251,2,1693,R3,-4,9
251,3,2414,R4,-4,9
251,4,3135,R5,-4,9
251,5,3856,R6,-4,9
251,6,4577,R7,-4,9
251,7,5298,R8,-4,9
252,0,252,R1,-4,10
252,1,973,R2,-4,10
252,2,1694,R3,-4,10
252,3,2415,R4,-4,10
252,4,3136,R5,-4,10
252,5,3857,R6,-4,10
252,6,4578,R7,-4,10
252,7,5299,R8,-4,10
253,0,253,R1,-4,11
253,1,974,R2,-4,11
253,2,1695,R3,-4,11
253,3,2416,R4,-4,11
253,4,3137,R5,-4,11
253,5,3858,R6,-4,11
253,6,4579,R7,-4,11
253,7,5300,R8,-4,11
254,0,254,R1,-4,12
254,1,975,R2,-4,12
254,2,1696,R3,-4,12
254,3,2417,R4,-4,12
254,4,3138,R5,-4,12
254,5,3859,R6,-4,12
254,6,4580,R7,-4,12
254,7,5301,R8,-4,12
255,0,255,R1,-4,13
255,1,976,R2,-4,13
255,2,1697,R3,-4,13
255,3,2418,R4,-4,13
255,4,3139,R5,-4,13
255,5,3860,R6,-4,13
255,6,4581,R7,-4,13
255,7,5302,R8,-4,13
256,0,256,R1,-4,14
256,1,977,R2,-4,14
256,2,1698,R3,-4,14
256,3,2419,R4,-4,14
256,4,3140,R5,-4,14
256,5,3861,R6,-4,14
256,6,4582,R7,-4,14
256,7,5303,R8,-4,14
257,0,257,R1,-4,15
257,1,978,R2,-4,15
257,2,1699,R3,-4,15
257,3,2420,R4,-4,15
257,4,3141,R5,-4,15
257,5,3862,R6,-4,15
257,6,4583,R7,-4,15
257,7,5304,R8,-4,15
258,0,258,R1,-3,-12
258,1,979,R2,-3,-12
258,2,1700,R3,-3,-12
258,3,2421,R4,-3,-12
258,4,3142,R5,-3,-12
258,5,3863,R6,-3,-12
258,6,4584,R7,-3,-12
258,7,5305,R8,-3,-12
259,0,259,R1,-3,-11
259,1,980,R2,-3,-11
259,2,1701,R3,-3,-11
259,3,2422,R4,-3,-11
259,4,3143,R5,-3,-11
259,5,3864,R6,-3,-11
259,6,4585,R7,-3,-11
259,7,5306,R8,-3,-11
260,0,260,R1,-3,-10
260,1,981,R2,-3,-10
260,2,1702,R3,-3,-10
260,3,2423,R4,-3,-10
260,4,3144,R5,-3,-10
260,5,3865,R6,-3,-10
260,6,4586,R7,-3,-10
260,7,5307,R8,-3,-10
261,0,261,R1,-3,-9
261,1,982,R2,-3,-9
261,2,1703,R3,-3,-9
261,3,2424,R4,-3,-9
261,4,3145,R5,-3,-9
261,5,3866,R6,-3,-9
261,6,4587,R7,-3,-9
261,7,5308,R8,-3,-9
262,0,262,R1,-3,-8
262,1,983,R2,-3,-8
262,2,1704,R3,-3,-8
262,3,2425,R4,-3,-8
262,4,3146,R5,-3,-8
262,5,3867,R6,-3,-8
262,6,4588,R7,-3,-8
262,7,5309,R8,-3,-8
263,0,263,R1,-3,-7
263,1,984,R2,-3,-7
263,2,1705,R3,-3,-7
263,3,2426,R4,-3,-7
263,4,3147,R5,-3,-7
263,5,3868,R6,-3,-7
263,6,4589,R7,-3,-7
263,7,5310,R8,-3,-7
264,0,264,R1,-3,-6
264,1,985,R2,-3,-6
264,2,1706,R3,-3,-6
264,3,2427,R4,-3,-6
264,4,3148,R5,-3,-6
264,5,3869,R6,-3,-6
264,6,4590,R7,-3,-6
264,7,5311,R8,-3,-6
265,0,265,R1,-3,-5
265,1,986,R2,-3,-5
265,2,1707,R3,-3,-5
265,3,2428,R4,-3,-5
265,4,3149,R5,-3,-5
265,5,3870,R6,-3,-5
265,6,4591,R7,-3,-5
265,7,5312,R8,-3,-5
266,0,266,R1,-3,-4
266,1,987,R2,-3,-4
266,2,1708,R3,-3,-4
266,3,2429,R4,-3,-4
266,4,3150,R5,-3,-4
266,5,3871,R6,-3,-4
266,6,4592,R7,-3,-4
266,7,5313,R8,-3,-4
267,0,267,R1,-3,-3
267,1,988,R2,-3,-3
267,2,1709,R3,-3,-3
267,3,2430,R4,-3,-3
267,4,3151,R5,-3,-3
267,5,3872,R6,-3,-3
267,6,4593,R7,-3,-3
267,7,5314,R8,-3,-3
268,0,268,R1,-3,-2
268,1,989,R2,-3,-2
268,2,1710,R3,-3,-2
268,3,2431,R4,-3,-2
268,4,3152,R5,-3,-2
268,5,3873,R6,-3,-2
268,6,4594,R7,-3,-2
268,7,5315,R8,-3,-2
269,0,269,R1,-3,-1
269,1,990,R2,-3,-1
269,2,1711,R3,-3,-1
269,3,2432,R4,-3,-1
269,4,3153,R5,-3,-1
269,5,3874,R6,-3,-1
269,6,4595,R7,-3,-1
269,7,5316,R8,-3,-1
270,0,270,R1,-3,0
270,1,991,R2,-3,0
270,2,1712,R3,-3,0
270,3,2433,R4,-3,0
270,4,3154,R5,-3,0
270,5,3875,R6,-3,0
270,6,4596,R7,-3,0
270,7,5317,R8,-3,0
271,0,271,R1,-3,1
271,1,992,R2,-3,1
271,2,1713,R3,-3,1
271,3,2434,R4,-3,1
271,4,3155,R5,-3,1
271,5,3876,R6,-3,1
271,6,4597,R7,-3,1
271,7,5318,R8,-3,1
272,0,272,R1,-3,2
272,1,993,R2,-3,2
272,2,1714,R3,-3,2
272,3,2435,R4,-3,2
272,4,3156,R5,-3,2
272,5,3877,R6,-3,2
272,6,4598,R7,-3,2
272,7,5319,R8,-3,2
273,0,273,R1,-3,3
273,1,994,R2,-3,3
273,2,1715,R3,-3,3
273,3,2436,R4,-3,3
273,4,3157,R5,-3,3
273,5,3878,R6,-3,3
273,6,4599,R7,-3,3
273,7,5320,R8,-3,3
274,0,274,R1,-3,4
274,1,995,R2,-3,4
274,2,1716,R3,-3,4
274,3,2437,R4,-3,4
274,4,3158,R5,-3,4
274,5,3879,R6,-3,4
274,6,4600,R7,-3,4
274,7,5321,R8,-3,4
275,0,275,R1,-3,5
275,1,996,R2,-3,5
275,2,1717,R3,-3,5
275,3,2438,R4,-3,5
275,4,3159,R5,-3,5
275,5,3880,R6,-3,5
275,6,4601,R7,-3,5
275,7,5322,R8,-3,5
276,0,276,R1,-3,6
276,1,997,R2,-3,6
276,2,1718,R3,-3,6
276,3,2439,R4,-3,6
276,4,3160,R5,-3,6
276,5,3881,R6,-3,6
276,6,4602,R7,-3,6
276,7,5323,R8,-3,6
277,0,277,R1,-3,7
277,1,998,R2,-3,7
277,2,1719,R3,-3,7
277,3,2440,R4,-3,7
277,4,3161,R5,-3,7
277,5,3882,R6,-3,7
277,6,4603,R7,-3,7
277,7,5324,R8,-3,7
278,0,278,R1,-3,8
278,1,999,R2,-3,8
278,2,1720,R3,-3,8
278,3,2441,R4,-3,8
278,4,3162,R5,-3,8
278,5,3883,R6,-3,8
278,6,4604,R7,-3,8
278,7,5325,R8,-3,8
279,0,279,R1,-3,9
279,1,1000,R2,-3,9
279,2,1721,R3,-3,9
279,3,2442,R4,-3,9
279,4,3163,R5,-3,9
279,5,3884,R6,-3,9
279,6,4605,R7,-3,9
279,7,5326,R8,-3,9
280,0,280,R1,-3,10
280,1,1001,R2,-3,10
280,2,1722,R3,-3,10
280,3,2443,R4,-3,10
280,4,3164,R5,-3,10
280,5,3885,R6,-3,10
280,6,4606,R7,-3,10
280,7,5327,R8,-3,10
281,0,281,R1,-3,11
281,1,1002,R2,-3,11
281,2,1723,R3,-3,11
281,3,2444,R4,-3,11
281,4,3165,R5,-3,11
281,5,3886,R6,-3,11
281,6,4607,R7,-3,11
281,7,5328,R8,-3,11
282,0,282,R1,-3,12
282,1,1003,R2,-3,12
282,2,1724,R3,-3,12
282,3,2445,R4,-3,12
282,4,3166,R5,-3,12
282,5,3887,R6,-3,12
282,6,4608,R7,-3,12
282,7,5329,R8,-3,12
283,0,283,R1,-3,13
283,1,1004,R2,-3,13
283,2,1725,R3,-3,13
283,3,2446,R4,-3,13
283,4,3167,R5,-3,13
283,5,3888,R6,-3,13
283,6,4609,R7,-3,13
283,7,5330,R8,-3,13
284,0,284,R1,-3,14
284,1,1005,R2,-3,14
284,2,1726,R3,-3,14
284,3,2447,R4,-3,14
284,4,3168,R5,-3,14
284,5,3889,R6,-3,14
284,6,4610,R7,-3,14
284,7,5331,R8,-3,14
285,0,285,R1,-3,15
285,1,1006,R2,-3,15
285,2,1727,R3,-3,15
285,3,2448,R4,-3,15
285,4,3169,R5,-3,15
285,5,3890,R6,-3,15
285,6,4611,R7,-3,15
285,7,5332,R8,-3,15
286,0,286,R1,-2,-13
286,1,1007,R2,-2,-13
286,2,1728,R3,-2,-13
286,3,2449,R4,-2,-13
286,4,3170,R5,-2,-13
286,5,3891,R6,-2,-13
286,6,4612,R7,-2,-13
286,7,5333,R8,-2,-13
287,0,287,R1,-2,-12
287,1,1008,R2,-2,-12
287,2,1729,R3,-2,-12
287,3,2450,R4,-2,-12
287,4,3171,R5,-2,-12
287,5,3892,R6,-2,-12
287,6,4613,R7,-2,-12
287,7,5334,R8,-2,-12
288,0,288,R1,-2,-11
288,1,1009,R2,-2,-11
288,2,1730,R3,-2,-11
288,3,2451,R4,-2,-11
288,4,3172,R5,-2,-11
288,5,3893,R6,-2,-11
288,6,4614,R7,-2,-11
288,7,5335,R8,-2,-11
289,0,289,R1,-2,-10
289,1,1010,R2,-2,-10
289,2,1731,R3,-2,-10
289,3,2452,R4,-2,-10
289,4,3173,R5,-2,-10
289,5,3894,R6,-2,-10
289,6,4615,R7,-2,-10
289,7,5336,R8,-2,-10
290,0,290,R1,-2,-9
290,1,1011,R2,-2,-9
290,2,1732,R3,-2,-9
290,3,2453,R4,-2,-9
290,4,3174,R5,-2,-9
290,5,3895,R6,-2,-9
290,6,4616,R7,-2,-9
290,7,5337,R8,-2,-9
291,0,291,R1,-2,-8
291,1,1012,R2,-2,-8
291,2,1733,R3,-2,-8
291,3,2454,R4,-2,-8
291,4,3175,R5,-2,-8
291,5,3896,R6,-2,-8
291,6,4617,R7,-2,-8
291,7,5338,R8,-2,-8
292,0,292,R1,-2,-7
292,1,1013,R2,-2,-7
292,2,1734,R3,-2,-7
292,3,2455,R4,-2,-7
292,4,3176,R5,-2,-7
292,5,3897,R6,-2,-7
292,6,4618,R7,-2,-7
292,7,5339,R8,-2,-7
293,0,293,R1,-2,-6
293,1,1014,R2,-2,-6
293,2,1735,R3,-2,-6
293,3,2456,R4,-2,-6
293,4,3177,R5,-2,-6
293,5,3898,R6,-2,-6
293,6,4619,R7,-2,-6
293,7,5340,R8,-2,-6
294,0,294,R1,-2,-5
294,1,1015,R2,-2,-5
294,2,1736,R3,-2,-5
294,3,2457,R4,-2,-5
294,4,3178,R5,-2,-5
294,5,3899,R6,-2,-5
294,6,4620,R7,-2,-5
294,7,5341,R8,-2,-5
295,0,295,R1,-2,-4
295,1,1016,R2,-2,-4
295,2,1737,R3,-2,-4
295,3,2458,R4,-2,-4
295,4,3179,R5,-2,-4
295,5,3900,R6,-2,-4
295,6,4621,R7,-2,-4
295,7,5342,R8,-2,-4
296,0,296,R1,-2,-3
296,1,1017,R2,-2,-3
296,2,1738,R3,-2,-3
296,3,2459,R4,-2,-3
296,4,3180,R5,-2,-3
296,5,3901,R6,-2,-3
296,6,4622,R7,-2,-3
296,7,5343,R8,-2,-3
297,0,297,R1,-2,-2
297,1,1018,R2,-2,-2
297,2,1739,R3,-2,-2
297,3,2460,R4,-2,-2
297,4,3181,R5,-2,-2
297,5,3902,R6,-2,-2
297,6,4623,R7,-2,-2
297,7,5344,R8,-2,-2
298,0,298,R1,-2,-1
298,1,1019,R2,-2,-1
298,2,1740,R3,-2,-1
298,3,2461,R4,-2,-1
298,4,3182,R5,-2,-1
298,5,3903,R6,-2,-1
298,6,4624,R7,-2,-1
298,7,5345,R8,-2,-1
299,0,299,R1,-2,0
299,1,1020,R2,-2,0
299,2,1741,R3,-2,0
299,3,2462,R4,-2,0
299,4,3183,R5,-2,0
299,5,3904,R6,-2,0
299,6,4625,R7,-2,0
299,7,5346,R8,-2,0
300,0,300,R1,-2,1
300,1,1021,R2,-2,1
300,2,1742,R3,-2,1
300,3,2463,R4,-2,1
300,4,3184,R5,-2,1
300,5,3905,R6,-2,1
300,6,4626,R7,-2,1
300,7,5347,R8,-2,1
301,0,301,R1,-2,2
301,1,1022,R2,-2,2
301,2,1743,R3,-2,2
301,3,2464,R4,-2,2
301,4,3185,R5,-2,2
301,5,3906,R6,-2,2
301,6,4627,R7,-2,2
301,7,5348,R8,-2,2
302,0,302,R1,-2,3
302,1,1023,R2,-2,3
302,2,1744,R3,-2,3
302,3,2465,R4,-2,3
302,4,3186,R5,-2,3
302,5,3907,R6,-2,3
302,6,4628,R7,-2,3
302,7,5349,R8,-2,3
303,0,303,R1,-2,4
303,1,1024,R2,-2,4
303,2,1745,R3,-2,4
303,3,2466,R4,-2,4
303,4,3187,R5,-2,4
303,5,3908,R6,-2,4
303,6,4629,R7,-2,4
303,7,5350,R8,-2,4
304,0,304,R1,-2,5
304,1,1025,R2,-2,5
304,2,1746,R3,-2,5
304,3,2467,R4,-2,5
304,4,3188,R5,-2,5
304,5,3909,R6,-2,5
304,6,4630,R7,-2,5
304,7,5351,R8,-2,5
305,0,305,R1,-2,6
305,1,1026,R2,-2,6
305,2,1747,R3,-2,6
305,3,2468,R4,-2,6
305,4,3189,R5,-2,6
305,5,3910,R6,-2,6
305,6,4631,R7,-2,6
305,7,5352,R8,-2,6
306,0,306,R1,-2,7
306,1,1027,R2,-2,7
306,2,1748,R3,-2,7
306,3,2469,R4,-2,7
306,4,3190,R5,-2,7
306,5,3911,R6,-2,7
306,6,4632,R7,-2,7
306,7,5353,R8,-2,7
307,0,307,R1,-2,8
307,1,1028,R2,-2,8
307,2,1749,R3,-2,8
307,3,2470,R4,-2,8
307,4,3191,R5,-2,8
307,5,3912,R6,-2,8
307,6,4633,R7,-2,8
307,7,5354,R8,-2,8
308,0,308,R1,-2,9
308,1,1029,R2,-2,9
308,2,1750,R3,-2,9
308,3,2471,R4,-2,9
308,4,3192,R5,-2,9
308,5,3913,R6,-2,9
308,6,4634,R7,-2,9
308,7,5355,R8,-2,9
309,0,309,R1,-2,10
309,1,1030,R2,-2,10
309,2,1751,R3,-2,10
309,3,2472,R4,-2,10
309,4,3193,R5,-2,10
309,5,3914,R6,-2,10
309,6,4635,R7,-2,10
309,7,5356,R8,-2,10
310,0,310,R1,-2,11
310,1,1031,R2,-2,11
310,2,1752,R3,-2,11
310,3,2473,R4,-2,11
310,4,3194,R5,-2,11
310,5,3915,R6,-2,11
310,6,4636,R7,-2,11
310,7,5357,R8,-2,11
311,0,311,R1,-2,12
311,1,1032,R2,-2,12
311,2,1753,R3,-2,12
311,3,2474,R4,-2,12
311,4,3195,R5,-2,12
311,5,3916,R6,-2,12
311,6,4637,R7,-2,12
311,7,5358,R8,-2,12
312,0,312,R1,-2,13
312,1,1033,R2,-2,13
312,2,1754,R3,-2,13
312,3,2475,R4,-2,13
312,4,3196,R5,-2,13
312,5,3917,R6,-2,13
312,6,4638,R7,-2,13
312,7,5359,R8,-2,13
313,0,313,R1,-2,14
313,1,1034,R2,-2,14
313,2,1755,R3,-2,14
313,3,2476,R4,-2,14
313,4,3197,R5,-2,14
313,5,3918,R6,-2,14
313,6,4639,R7,-2,14
313,7,5360,R8,-2,14
314,0,314,R1,-2,15
314,1,1035,R2,-2,15
314,2,1756,R3,-2,15
314,3,2477,R4,-2,15
314,4,3198,R5,-2,15
314,5,3919,R6,-2,15
314,6,4640,R7,-2,15
314,7,5361,R8,-2,15
315,0,315,R1,-1,-14
315,1,1036,R2,-1,-14
315,2,1757,R3,-1,-14
315,3,2478,R4,-1,-14
315,4,3199,R5,-1,-14
315,5,3920,R6,-1,-14
315,6,4641,R7,-1,-14
315,7,5362,R8,-1,-14
316,0,316,R1,-1,-13
316,1,1037,R2,-1,-13
316,2,1758,R3,-1,-13
316,3,2479,R4,-1,-13
316,4,3200,R5,-1,-13
316,5,3921,R6,-1,-13
316,6,4642,R7,-1,-13
316,7,5363,R8,-1,-13
317,0,317,R1,-1,-12
317,1,1038,R2,-1,-12
317,2,1759,R3,-1,-12
317,3,2480,R4,-1,-12
317,4,3201,R5,-1,-12
317,5,3922,R6,-1,-12
317,6,4643,R7,-1,-12
317,7,5364,R8,-1,-12
318,0,318,R1,-1,-11
318,1,1039,R2,-1,-11
318,2,1760,R3,-1,-11
318,3,2481,R4,-1,-11
318,4,3202,R5,-1,-11
318,5,3923,R6,-1,-11
318,6,4644,R7,-1,-11
318,7,5365,R8,-1,-11
319,0,319,R1,-1,-10
319,1,1040,R2,-1,-10
319,2,1761,R3,-1,-10
319,3,2482,R4,-1,-10
319,4,3203,R5,-1,-10
319,5,3924,R6,-1,-10
319,6,4645,R7,-1,-10
319,7,5366,R8,-1,-10
320,0,320,R1,-1,-9
320,1,1041,R2,-1,-9
320,2,1762,R3,-1,-9
320,3,2483,R4,-1,-9
320,4,3204,R5,-1,-9
320,5,3925,R6,-1,-9
320,6,4646,R7,-1,-9
320,7,5367,R8,-1,-9
321,0,321,R1,-1,-8
321,1,1042,R2,-1,-8
321,2,1763,R3,-1,-8
321,3,2484,R4,-1,-8
321,4,3205,R5,-1,-8
321,5,3926,R6,-1,-8
321,6,4647,R7,-1,-8
321,7,5368,R8,-1,-8
322,0,322,R1,-1,-7
322,1,1043,R2,-1,-7
322,2,1764,R3,-1,-7
322,3,2485,R4,-1,-7
322,4,3206,R5,-1,-7
322,5,3927,R6,-1,-7
322,6,4648,R7,-1,-7
322,7,5369,R8,-1,-7
323,0,323,R1,-1,-6
323,1,1044,R2,-1,-6
323,2,1765,R3,-1,-6
323,3,2486,R4,-1,-6
323,4,3207,R5,-1,-6
323,5,3928,R6,-1,-6
323,6,4649,R7,-1,-6
323,7,5370,R8,-1,-6
324,0,324,R1,-1,-5
324,1,1045,R2,-1,-5
324,2,1766,R3,-1,-5
324,3,2487,R4,-1,-5
324,4,3208,R5,-1,-5
324,5,3929,R6,-1,-5
324,6,4650,R7,-1,-5
324,7,5371,R8,-1,-5
325,0,325,R1,-1,-4
325,1,1046,R2,-1,-4
325,2,1767,R3,-1,-4
325,3,2488,R4,-1,-4
325,4,3209,R5,-1,-4
325,5,3930,R6,-1,-4
325,6,4651,R7,-1,-4
325,7,5372,R8,-1,-4
326,0,326,R1,-1,-3
326,1,1047,R2,-1,-3
326,2,1768,R3,-1,-3
326,3,2489,R4,-1,-3
326,4,3210,R5,-1,-3
326,5,3931,R6,-1,-3
326,6,4652,R7,-1,-3
326,7,5373,R8,-1,-3
327,0,327,R1,-1,-2
327,1,1048,R2,-1,-2
327,2,1769,R3,-1,-2
327,3,2490,R4,-1,-2
327,4,3211,R5,-1,-2
327,5,3932,R6,-1,-2
327,6,4653,R7,-1,-2
327,7,5374,R8,-1,-2
328,0,328,R1,-1,-1
328,1,1049,R2,-1,-1
328,2,1770,R3,-1,-1
328,3,2491,R4,-1,-1
328,4,3212,R5,-1,-1
328,5,3933,R6,-1,-1
328,6,4654,R7,-1,-1
328,7,5375,R8,-1,-1
329,0,329,R1,-1,0
329,1,1050,R2,-1,0
329,2,1771,R3,-1,0
329,3,2492,R4,-1,0
329,4,3213,R5,-1,0
329,5,3934,R6,-1,0
329,6,4655,R7,-1,0
329,7,5376,R8,-1,0
330,0,330,R1,-1,1
330,1,1051,R2,-1,1
330,2,1772,R3,-1,1
330,3,2493,R4,-1,1
330,4,3214,R5,-1,1
330,5,3935,R6,-1,1
330,6,4656,R7,-1,1
330,7,5377,R8,-1,1
331,0,331,R1,-1,2
331,1,1052,R2,-1,2
331,2,1773,R3,-1,2
331,3,2494,R4,-1,2
331,4,3215,R5,-1,2
331,5,3936,R6,-1,2
331,6,4657,R7,-1,2
331,7,5378,R8,-1,2
332,0,332,R1,-1,3
332,1,1053,R2,-1,3
332,2,1774,R3,-1,3
332,3,2495,R4,-1,3
332,4,3216,R5,-1,3
332,5,3937,R6,-1,3
332,6,4658,R7,-1,3
332,7,5379,R8,-1,3
333,0,333,R1,-1,4
333,1,1054,R2,-1,4
333,2,1775,R3,-1,4
333,3,2496,R4,-1,4
333,4,3217,R5,-1,4
333,5,3938,R6,-1,4
333,6,4659,R7,-1,4
333,7,5380,R8,-1,4
334,0,334,R1,-1,5
334,1,1055,R2,-1,5
334,2,1776,R3,-1,5
334,3,2497,R4,-1,5
334,4,3218,R5,-1,5
334,5,3939,R6,-1,5
334,6,4660,R7,-1,5
334,7,5381,R8,-1,5
335,0,335,R1,-1,6
335,1,1056,R2,-1,6
335,2,1777,R3,-1,6
335,3,2498,R4,-1,6
335,4,3219,R5,-1,6
335,5,3940,R6,-1,6
335,6,4661,R7,-1,6
335,7,5382,R8,-1,6
336,0,336,R1,-1,7
336,1,1057,R2,-1,7
336,2,1778,R3,-1,7
336,3,2499,R4,-1,7
336,4,3220,R5,-1,7
336,5,3941,R6,-1,7
336,6,4662,R7,-1,7
336,7,5383,R8,-1,7
337,0,337,R1,-1,8
337,1,1058,R2,-1,8
337,2,1779,R3,-1,8
337,3,2500,R4,-1,8
337,4,3221,R5,-1,8
337,5,3942,R6,-1,8
337,6,4663,R7,-1,8
337,7,5384,R8,-1,8
338,0,338,R1,-1,9
338,1,1059,R2,-1,9
338,2,1780,R3,-1,9
338,3,2501,R4,-1,9
338,4,3222,R5,-1,9
338,5,3943,R6,-1,9
338,6,4664,R7,-1,9
338,7,5385,R8,-1,9
339,0,339,R1,-1,10
339,1,1060,R2,-1,10
339,2,1781,R3,-1,10
339,3,2502,R4,-1,10
339,4,3223,R5,-1,10
339,5,3944,R6,-1,10
339,6,4665,R7,-1,10
339,7,5386,R8,-1,10
340,0,340,R1,-1,11
340,1,1061,R2,-1,11
340,2,1782,R3,-1,11
340,3,2503,R4,-1,11
340,4,3224,R5,-1,11
340,5,3945,R6,-1,11
340,6,4666,R7,-1,11
340,7,5387,R8,-1,11
341,0,341,R1,-1,12
341,1,1062,R2,-1,12
341,2,1783,R3,-1,12
341,3,2504,R4,-1,12
341,4,3225,R5,-1,12
341,5,3946,R6,-1,12
341,6,4667,R7,-1,12
341,7,5388,R8,-1,12
342,0,342,R1,-1,13
342,1,1063,R2,-1,13
342,2,1784,R3,-1,13
342,3,2505,R4,-1,13
342,4,3226,R5,-1,13
342,5,3947,R6,-1,13
342,6,4668,R7,-1,13
342,7,5389,R8,-1,13
343,0,343,R1,-1,14
343,1,1064,R2,-1,14
343,2,1785,R3,-1,14
343,3,2506,R4,-1,14
343,4,3227,R5,-1,14
343,5,3948,R6,-1,14
343,6,4669,R7,-1,14
343,7,5390,R8,-1,14
344,0,344,R1,-1,15
344,1,1065,R2,-1,15
344,2,1786,R3,-1,15
344,3,2507,R4,-1,15
344,4,3228,R5,-1,15
344,5,3949,R6,-1,15
344,6,4670,R7,-1,15
344,7,5391,R8,-1,15
345,0,345,R1,0,-15
345,1,1066,R2,0,-15
345,2,1787,R3,0,-15
345,3,2508,R4,0,-15
345,4,3229,R5,0,-15
345,5,3950,R6,0,-15
345,6,4671,R7,0,-15
345,7,5392,R8,0,-15
346,0,346,R1,0,-14
346,1,1067,R2,0,-14
346,2,1788,R3,0,-14
346,3,2509,R4,0,-14
346,4,3230,R5,0,-14
346,5,3951,R6,0,-14
346,6,4672,R7,0,-14
346,7,5393,R8,0,-14
347,0,347,R1,0,-13
347,1,1068,R2,0,-13
347,2,1789,R3,0,-13
347,3,2510,R4,0,-13
347,4,3231,R5,0,-13
347,5,3952,R6,0,-13
347,6,4673,R7,0,-13
347,7,5394,R8,0,-13
348,0,348,R1,0,-12
348,1,1069,R2,0,-12
348,2,1790,R3,0,-12
348,3,2511,R4,0,-12
348,4,3232,R5,0,-12
348,5,3953,R6,0,-12
348,6,4674,R7,0,-12
348,7,5395,R8,0,-12
349,0,349,R1,0,-11
349,1,1070,R2,0,-11
349,2,1791,R3,0,-11
349,3,2512,R4,0,-11
349,4,3233,R5,0,-11
349,5,3954,R6,0,-11
349,6,4675,R7,0,-11
349,7,5396,R8,0,-11
350,0,350,R1,0,-10
350,1,1071,R2,0,-10
350,2,1792,R3,0,-10
350,3,2513,R4,0,-10
350,4,3234,R5,0,-10
350,5,3955,R6,0,-10
350,6,4676,R7,0,-10
350,7,5397,R8,0,-10
351,0,351,R1,0,-9
351,1,1072,R2,0,-9
351,2,1793,R3,0,-9
351,3,2514,R4,0,-9
351,4,3235,R5,0,-9
351,5,3956,R6,0,-9
351,6,4677,R7,0,-9
351,7,5398,R8,0,-9
352,0,352,R1,0,-8
352,1,1073,R2,0,-8
352,2,1794,R3,0,-8
352,3,2515,R4,0,-8
352,4,3236,R5,0,-8
352,5,3957,R6,0,-8
352,6,4678,R7,0,-8
352,7,5399,R8,0,-8
353,0,353,R1,0,-7
353,1,1074,R2,0,-7
353,2,1795,R3,0,-7
353,3,2516,R4,0,-7
353,4,3237,R5,0,-7
353,5,3958,R6,0,-7
353,6,4679,R7,0,-7
353,7,5400,R8,0,-7
354,0,354,R1,0,-6
354,1,1075,R2,0,-6
354,2,1796,R3,0,-6
354,3,2517,R4,0,-6
354,4,3238,R5,0,-6
354,5,3959,R6,0,-6
354,6,4680,R7,0,-6
354,7,5401,R8,0,-6
355,0,355,R1,0,-5
355,1,1076,R2,0,-5
355,2,1797,R3,0,-5
355,3,2518,R4,0,-5
355,4,3239,R5,0,-5
355,5,3960,R6,0,-5
355,6,4681,R7,0,-5
355,7,5402,R8,0,-5
356,0,356,R1,0,-4
356,1,1077,R2,0,-4
356,2,1798,R3,0,-4
356,3,2519,R4,0,-4
356,4,3240,R5,0,-4
356,5,3961,R6,0,-4
356,6,4682,R7,0,-4
356,7,5403,R8,0,-4
357,0,357,R1,0,-3
357,1,1078,R2,0,-3
357,2,1799,R3,0,-3
357,3,2520,R4,0,-3
357,4,3241,R5,0,-3
357,5,3962,R6,0,-3
357,6,4683,R7,0,-3
357,7,5404,R8,0,-3
358,0,358,R1,0,-2
358,1,1079,R2,0,-2
358,2,1800,R3,0,-2
358,3,2521,R4,0,-2
358,4,3242,R5,0,-2
358,5,3963,R6,0,-2
358,6,4684,R7,0,-2
358,7,5405,R8,0,-2
359,0,359,R1,0,-1
359,1,1080,R2,0,-1
359,2,1801,R3,0,-1
359,3,2522,R4,0,-1
359,4,3243,R5,0,-1
359,5,3964,R6,0,-1
359,6,4685,R7,0,-1
359,7,5406,R8,0,-1
360,0,360,R1,0,0
360,1,1081,R2,0,0
360,2,1802,R3,0,0
360,3,2523,R4,0,0
360,4,3244,R5,0,0
360,5,3965,R6,0,0
360,6,4686,R7,0,0
360,7,5407,R8,0,0
361,0,361,R1,0,1
361,1,1082,R2,0,1
361,2,1803,R3,0,1
361,3,2524,R4,0,1
361,4,3245,R5,0,1
361,5,3966,R6,0,1
361,6,4687,R7,0,1
361,7,5408,R8,0,1
362,0,362,R1,0,2
362,1,1083,R2,0,2
362,2,1804,R3,0,2
362,3,2525,R4,0,2
362,4,3246,R5,0,2
362,5,3967,R6,0,2
362,6,4688,R7,0,2
362,7,5409,R8,0,2
363,0,363,R1,0,3
363,1,1084,R2,0,3
363,2,1805,R3,0,3
363,3,2526,R4,0,3
363,4,3247,R5,0,3
363,5,3968,R6,0,3
363,6,4689,R7,0,3
363,7,5410,R8,0,3
364,0,364,R1,0,4
364,1,1085,R2,0,4
364,2,1806,R3,0,4
364,3,2527,R4,0,4
364,4,3248,R5,0,4
364,5,3969,R6,0,4
364,6,4690,R7,0,4
364,7,5411,R8,0,4
365,0,365,R1,0,5
365,1,1086,R2,0,5
365,2,1807,R3,0,5
365,3,2528,R4,0,5
365,4,3249,R5,0,5
365,5,3970,R6,0,5
365,6,4691,R7,0,5
365,7,5412,R8,0,5
366,0,366,R1,0,6
366,1,1087,R2,0,6
366,2,1808,R3,0,6
366,3,2529,R4,0,6
366,4,3250,R5,0,6
366,5,3971,R6,0,6
366,6,4692,R7,0,6
366,7,5413,R8,0,6
367,0,367,R1,0,7
367,1,1088,R2,0,7
367,2,1809,R3,0,7
367,3,2530,R4,0,7
367,4,3251,R5,0,7
367,5,3972,R6,0,7
367,6,4693,R7,0,7
367,7,5414,R8,0,7
368,0,368,R1,0,8
368,1,1089,R2,0,8
368,2,1810,R3,0,8
368,3,2531,R4,0,8
368,4,3252,R5,0,8
368,5,3973,R6,0,8
368,6,4694,R7,0,8
368,7,5415,R8,0,8
369,0,369,R1,0,9
369,1,1090,R2,0,9
369,2,1811,R3,0,9
369,3,2532,R4,0,9
369,4,3253,R5,0,9
369,5,3974,R6,0,9
369,6,4695,R7,0,9
369,7,5416,R8,0,9
370,0,370,R1,0,10
370,1,1091,R2,0,10
370,2,1812,R3,0,10
370,3,2533,R4,0,10
370,4,3254,R5,0,10
370,5,3975,R6,0,10
370,6,4696,R7,0,10
370,7,5417,R8,0,10
371,0,371,R1,0,11
371,1,1092,R2,0,11
371,2,1813,R3,0,11
371,3,2534,R4,0,11
371,4,3255,R5,0,11
371,5,3976,R6,0,11
371,6,4697,R7,0,11
371,7,5418,R8,0,11
372,0,372,R1,0,12
372,1,1093,R2,0,12
372,2,1814,R3,0,12
372,3,2535,R4,0,12
372,4,3256,R5,0,12
372,5,3977,R6,0,12
372,6,4698,R7,0,12
372,7,5419,R8,0,12
373,0,373,R1,0,13
373,1,1094,R2,0,13
373,2,1815,R3,0,13
373,3,2536,R4,0,13
373,4,3257,R5,0,13
373,5,3978,R6,0,13
373,6,4699,R7,0,13
373,7,5420,R8,0,13
374,0,374,R1,0,14
374,1,1095,R2,0,14
374,2,1816,R3,0,14
374,3,2537,R4,0,14
374,4,3258,R5,0,14
374,5,3979,R6,0,14
374,6,4700,R7,0,14
374,7,5421,R8,0,14
375,0,375,R1,0,15
375,1,1096,R2,0,15
375,2,1817,R3,0,15
375,3,2538,R4,0,15
375,4,3259,R5,0,15
375,5,3980,R6,0,15
375,6,4701,R7,0,15
375,7,5422,R8,0,15
376,0,376,R1,1,-15
376,1,1097,R2,1,-15
376,2,1818,R3,1,-15
376,3,2539,R4,1,-15
376,4,3260,R5,1,-15
376,5,3981,R6,1,-15
376,6,4702,R7,1,-15
376,7,5423,R8,1,-15
377,0,377,R1,1,-14
377,1,1098,R2,1,-14
377,2,1819,R3,1,-14
377,3,2540,R4,1,-14
377,4,3261,R5,1,-14
377,5,3982,R6,1,-14
377,6,4703,R7,1,-14
377,7,5424,R8,1,-14
378,0,378,R1,1,-13
378,1,1099,R2,1,-13
378,2,1820,R3,1,-13
378,3,2541,R4,1,-13
378,4,3262,R5,1,-13
378,5,3983,R6,1,-13
378,6,4704,R7,1,-13
378,7,5425,R8,1,-13
379,0,379,R1,1,-12
379,1,1100,R2,1,-12
379,2,1821,R3,1,-12
379,3,2542,R4,1,-12
379,4,3263,R5,1,-12
379,5,3984,R6,1,-12
379,6,4705,R7,1,-12
379,7,5426,R8,1,-12
380,0,380,R1,1,-11
380,1,1101,R2,1,-11
380,2,1822,R3,1,-11
380,3,2543,R4,1,-11
380,4,3264,R5,1,-11
380,5,3985,R6,1,-11
380,6,4706,R7,1,-11
380,7,5427,R8,1,-11
381,0,381,R1,1,-10
381,1,1102,R2,1,-10
381,2,1823,R3,1,-10
381,3,2544,R4,1,-10
381,4,3265,R5,1,-10
381,5,3986,R6,1,-10
381,6,4707,R7,1,-10
381,7,5428,R8,1,-10
382,0,382,R1,1,-9
382,1,1103,R2,1,-9
382,2,1824,R3,1,-9
382,3,2545,R4,1,-9
382,4,3266,R5,1,-9
382,5,3987,R6,1,-9
382,6,4708,R7,1,-9
382,7,5429,R8,1,-9
383,0,383,R1,1,-8
383,1,1104,R2,1,-8
383,2,1825,R3,1,-8
383,3,2546,R4,1,-8
383,4,3267,R5,1,-8
383,5,3988,R6,1,-8
383,6,4709,R7,1,-8
383,7,5430,R8,1,-8
384,0,384,R1,1,-7
384,1,1105,R2,1,-7
384,2,1826,R3,1,-7
384,3,2547,R4,1,-7
384,4,3268,R5,1,-7
384,5,3989,R6,1,-7
384,6,4710,R7,1,-7
384,7,5431,R8,1,-7
385,0,385,R1,1,-6
385,1,1106,R2,1,-6
385,2,1827,R3,1,-6
385,3,2548,R4,1,-6
385,4,3269,R5,1,-6
385,5,3990,R6,1,-6
385,6,4711,R7,1,-6
385,7,5432,R8,1,-6
386,0,386,R1,1,-5
386,1,1107,R2,1,-5
386,2,1828,R3,1,-5
386,3,2549,R4,1,-5
386,4,3270,R5,1,-5
386,5,3991,R6,1,-5
386,6,4712,R7,1,-5
386,7,5433,R8,1,-5
387,0,387,R1,1,-4
387,1,1108,R2,1,-4
387,2,1829,R3,1,-4
387,3,2550,R4,1,-4
387,4,3271,R5,1,-4
387,5,3992,R6,1,-4
387,6,4713,R7,1,-4
387,7,5434,R8,1,-4
388,0,388,R1,1,-3
388,1,1109,R2,1,-3
388,2,1830,R3,1,-3
388,3,2551,R4,1,-3
388,4,3272,R5,1,-3
388,5,3993,R6,1,-3
388,6,4714,R7,1,-3
388,7,5435,R8,1,-3
389,0,389,R1,1,-2
389,1,1110,R2,1,-2
389,2,1831,R3,1,-2
389,3,2552,R4,1,-2
389,4,3273,R5,1,-2
389,5,3994,R6,1,-2
389,6,4715,R7,1,-2
389,7,5436,R8,1,-2
390,0,390,R1,1,-1
390,1,1111,R2,1,-1
390,2,1832,R3,1,-1
390,3,2553,R4,1,-1
390,4,3274,R5,1,-1
390,5,3995,R6,1,-1
390,6,4716,R7,1,-1
390,7,5437,R8,1,-1
391,0,391,R1,1,0
391,1,1112,R2,1,0
391,2,1833,R3,1,0
391,3,2554,R4,1,0
391,4,3275,R5,1,0
391,5,3996,R6,1,0
391,6,4717,R7,1,0
391,7,5438,R8,1,0
392,0,392,R1,1,1
392,1,1113,R2,1,1
392,2,1834,R3,1,1
392,3,2555,R4,1,1
392,4,3276,R5,1,1
392,5,3997,R6,1,1
392,6,4718,R7,1,1
392,7,5439,R8,1,1
393,0,393,R1,1,2
393,1,1114,R2,1,2
393,2,1835,R3,1,2
393,3,2556,R4,1,2
393,4,3277,R5,1,2
393,5,3998,R6,1,2
393,6,4719,R7,1,2
393,7,5440,R8,1,2
394,0,394,R1,1,3
394,1,1115,R2,1,3
394,2,1836,R3,1,3
394,3,2557,R4,1,3
394,4,3278,R5,1,3
394,5,3999,R6,1,3
394,6,4720,R7,1,3
394,7,5441,R8,1,3
395,0,395,R1,1,4
395,1,1116,R2,1,4
395,2,1837,R3,1,4
395,3,2558,R4,1,4
395,4,3279,R5,1,4
395,5,4000,R6,1,4
395,6,4721,R7,1,4
395,7,5442,R8,1,4
396,0,396,R1,1,5
396,1,1117,R2,1,5
396,2,1838,R3,1,5
396,3,2559,R4,1,5
396,4,3280,R5,1,5
396,5,4001,R6,1,5
396,6,4722,R7,1,5
396,7,5443,R8,1,5
397,0,397,R1,1,6
397,1,1118,R2,1,6
397,2,1839,R3,1,6
397,3,2560,R4,1,6
397,4,3281,R5,1,6
397,5,4002,R6,1,6
397,6,4723,R7,1,6
397,7,5444,R8,1,6
398,0,398,R1,1,7
398,1,1119,R2,1,7
398,2,1840,R3,1,7
398,3,2561,R4,1,7
398,4,3282,R5,1,7
398,5,4003,R6,1,7
398,6,4724,R7,1,7
398,7,5445,R8,1,7
399,0,399,R1,1,8
399,1,1120,R2,1,8
399,2,1841,R3,1,8
399,3,2562,R4,1,8
399,4,3283,R5,1,8
399,5,4004,R6,1,8
399,6,4725,R7,1,8
399,7,5446,R8,1,8
400,0,400,R1,1,9
400,1,1121,R2,1,9
400,2,1842,R3,1,9
400,3,2563,R4,1,9
400,4,3284,R5,1,9
400,5,4005,R6,1,9
400,6,4726,R7,1,9
400,7,5447,R8,1,9
401,0,401,R1,1,10
401,1,1122,R2,1,10
401,2,1843,R3,1,10
401,3,2564,R4,1,10
401,4,3285,R5,1,10
401,5,4006,R6,1,10
401,6,4727,R7,1,10
401,7,5448,R8,1,10
402,0,402,R1,1,11
402,1,1123,R2,1,11
402,2,1844,R3,1,11
402,3,2565,R4,1,11
402,4,3286,R5,1,11
402,5,4007,R6,1,11
402,6,4728,R7,1,11
402,7,5449,R8,1,11
403,0,403,R1,1,12
403,1,1124,R2,1,12
403,2,1845,R3,1,12
403,3,2566,R4,1,12
403,4,3287,R5,1,12
403,5,4008,R6,1,12
403,6,4729,R7,1,12
403,7,5450,R8,1,12
404,0,404,R1,1,13
404,1,1125,R2,1,13
404,2,1846,R3,1,13
404,3,2567,R4,1,13
404,4,3288,R5,1,13
404,5,4009,R6,1,13
404,6,4730,R7,1,13
404,7,5451,R8,1,13
405,0,405,R1,1,14
405,1,1126,R2,1,14
405,2,1847,R3,1,14
405,3,2568,R4,1,14
405,4,3289,R5,1,14
405,5,4010,R6,1,14
405,6,4731,R7,1,14
405,7,5452,R8,1,14
406,0,406,R1,2,-15
406,1,1127,R2,2,-15
406,2,1848,R3,2,-15
406,3,2569,R4,2,-15
406,4,3290,R5,2,-15
406,5,4011,R6,2,-15
406,6,4732,R7,2,-15
406,7,5453,R8,2,-15
407,0,407,R1,2,-14
407,1,1128,R2,2,-14
407,2,1849,R3,2,-14
407,3,2570,R4,2,-14
407,4,3291,R5,2,-14
407,5,4012,R6,2,-14
407,6,4733,R7,2,-14
407,7,5454,R8,2,-14
408,0,408,R1,2,-13
408,1,1129,R2,2,-13
408,2,1850,R3,2,-13
408,3,2571,R4,2,-13
408,4,3292,R5,2,-13
408,5,4013,R6,2,-13
408,6,4734,R7,2,-13
408,7,5455,R8,2,-13
409,0,409,R1,2,-12
409,1,1130,R2,2,-12
409,2,1851,R3,2,-12
409,3,2572,R4,2,-12
409,4,3293,R5,2,-12
409,5,4014,R6,2,-12
409,6,4735,R7,2,-12
409,7,5456,R8,2,-12
410,0,410,R1,2,-11
410,1,1131,R2,2,-11
410,2,1852,R3,2,-11
410,3,2573,R4,2,-11
410,4,3294,R5,2,-11
410,5,4015,R6,2,-11
410,6,4736,R7,2,-11
410,7,5457,R8,2,-11
411,0,411,R1,2,-10
411,1,1132,R2,2,-10
411,2,1853,R3,2,-10
411,3,2574,R4,2,-10
411,4,3295,R5,2,-10
411,5,4016,R6,2,-10
411,6,4737,R7,2,-10
411,7,5458,R8,2,-10
412,0,412,R1,2,-9
412,1,1133,R2,2,-9
412,2,1854,R3,2,-9
412,3,2575,R4,2,-9
412,4,3296,R5,2,-9
412,5,4017,R6,2,-9
412,6,4738,R7,2,-9
412,7,5459,R8,2,-9
413,0,413,R1,2,-8
413,1,1134,R2,2,-8
413,2,1855,R3,2,-8
413,3,2576,R4,2,-8
413,4,3297,R5,2,-8
413,5,4018,R6,2,-8
413,6,4739,R7,2,-8
413,7,5460,R8,2,-8
414,0,414,R1,2,-7
414,1,1135,R2,2,-7
414,2,1856,R3,2,-7
414,3,2577,R4,2,-7
414,4,3298,R5,2,-7
414,5,4019,R6,2,-7
414,6,4740,R7,2,-7
414,7,5461,R8,2,-7
415,0,415,R1,2,-6
415,1,1136,R2,2,-6
415,2,1857,R3,2,-6
415,3,2578,R4,2,-6
415,4,3299,R5,2,-6
415,5,4020,R6,2,-6
415,6,4741,R7,2,-6
415,7,5462,R8,2,-6
416,0,416,R1,2,-5
416,1,1137,R2,2,-5
416,2,1858,R3,2,-5
416,3,2579,R4,2,-5
416,4,3300,R5,2,-5
416,5,4021,R6,2,-5
416,6,4742,R7,2,-5
416,7,5463,R8,2,-5
417,0,417,R1,2,-4
417,1,1138,R2,2,-4
417,2,1859,R3,2,-4
417,3,2580,R4,2,-4
417,4,3301,R5,2,-4
417,5,4022,R6,2,-4
417,6,4743,R7,2,-4
417,7,5464,R8,2,-4
418,0,418,R1,2,-3
418,1,1139,R2,2,-3
418,2,1860,R3,2,-3
418,3,2581,R4,2,-3
418,4,3302,R5,2,-3
418,5,4023,R6,2,-3
418,6,4744,R7,2,-3
418,7,5465,R8,2,-3
419,0,419,R1,2,-2
419,1,1140,R2,2,-2
419,2,1861,R3,2,-2
419,3,2582,R4,2,-2
419,4,3303,R5,2,-2
419,5,4024,R6,2,-2
419,6,4745,R7,2,-2
419,7,5466,R8,2,-2
420,0,420,R1,2,-1
420,1,1141,R2,2,-1
420,2,1862,R3,2,-1
420,3,2583,R4,2,-1
420,4,3304,R5,2,-1
420,5,4025,R6,2,-1
420,6,4746,R7,2,-1
420,7,5467,R8,2,-1
421,0,421,R1,2,0
421,1,1142,R2,2,0
421,2,1863,R3,2,0
421,3,2584,R4,2,0
421,4,3305,R5,2,0
421,5,4026,R6,2,0
421,6,4747,R7,2,0
421,7,5468,R8,2,0
422,0,422,R1,2,1
422,1,1143,R2,2,1
422,2,1864,R3,2,1
422,3,2585,R4,2,1
422,4,3306,R5,2,1
422,5,4027,R6,2,1
422,6,4748,R7,2,1
422,7,5469,R8,2,1
423,0,423,R1,2,2
423,1,1144,R2,2,2
423,2,1865,R3,2,2
423,3,2586,R4,2,2
423,4,3307,R5,2,2
423,5,4028,R6,2,2
423,6,4749,R7,2,2
423,7,5470,R8,2,2
424,0,424,R1,2,3
424,1,1145,R2,2,3
424,2,1866,R3,2,3
424,3,2587,R4,2,3
424,4,3308,R5,2,3
424,5,4029,R6,2,3
424,6,4750,R7,2,3
424,7,5471,R8,2,3
425,0,425,R1,2,4
425,1,1146,R2,2,4
425,2,1867,R3,2,4
425,3,2588,R4,2,4
425,4,3309,R5,2,4
425,5,4030,R6,2,4
425,6,4751,R7,2,4
425,7,5472,R8,2,4
426,0,426,R1,2,5
426,1,1147,R2,2,5
426,2,1868,R3,2,5
426,3,2589,R4,2,5
426,4,3310,R5,2,5
426,5,4031,R6,2,5
426,6,4752,R7,2,5
426,7,5473,R8,2,5
427,0,427,R1,2,6
427,1,1148,R2,2,6
427,2,1869,R3,2,6
427,3,2590,R4,2,6
427,4,3311,R5,2,6
427,5,4032,R6,2,6
427,6,4753,R7,2,6
427,7,5474,R8,2,6
428,0,428,R1,2,7
428,1,1149,R2,2,7
428,2,1870,R3,2,7
428,3,2591,R4,2,7
428,4,3312,R5,2,7
428,5,4033,R6,2,7
428,6,4754,R7,2,7
428,7,5475,R8,2,7
429,0,429,R1,2,8
429,1,1150,R2,2,8
429,2,1871,R3,2,8
429,3,2592,R4,2,8
429,4,3313,R5,2,8
429,5,4034,R6,2,8
429,6,4755,R7,2,8
429,7,5476,R8,2,8
430,0,430,R1,2,9
430,1,1151,R2,2,9
430,2,1872,R3,2,9
430,3,2593,R4,2,9
430,4,3314,R5,2,9
430,5,4035,R6,2,9
430,6,4756,R7,2,9
430,7,5477,R8,2,9
431,0,431,R1,2,10
431,1,1152,R2,2,10
431,2,1873,R3,2,10
431,3,2594,R4,2,10
431,4,3315,R5,2,10
431,5,4036,R6,2,10
431,6,4757,R7,2,10
431,7,5478,R8,2,10
432,0,432,R1,2,11
432,1,1153,R2,2,11
432,2,1874,R3,2,11
432,3,2595,R4,2,11
432,4,3316,R5,2,11
432,5,4037,R6,2,11
432,6,4758,R7,2,11
432,7,5479,R8,2,11
433,0,433,R1,2,12
433,1,1154,R2,2,12
433,2,1875,R3,2,12
433,3,2596,R4,2,12
433,4,3317,R5,2,12
433,5,4038,R6,2,12
433,6,4759,R7,2,12
433,7,5480,R8,2,12
434,0,434,R1,2,13
434,1,1155,R2,2,13
434,2,1876,R3,2,13
434,3,2597,R4,2,13
434,4,3318,R5,2,13
434,5,4039,R6,2,13
434,6,4760,R7,2,13
434,7,5481,R8,2,13
435,0,435,R1,3,-15
435,1,1156,R2,3,-15
435,2,1877,R3,3,-15
435,3,2598,R4,3,-15
435,4,3319,R5,3,-15
435,5,4040,R6,3,-15
435,6,4761,R7,3,-15
435,7,5482,R8,3,-15
436,0,436,R1,3,-14
436,1,1157,R2,3,-14
436,2,1878,R3,3,-14
436,3,2599,R4,3,-14
436,4,3320,R5,3,-14
436,5,4041,R6,3,-14
436,6,4762,R7,3,-14
436,7,5483,R8,3,-14
437,0,437,R1,3,-13
437,1,1158,R2,3,-13
437,2,1879,R3,3,-13
437,3,2600,R4,3,-13
437,4,3321,R5,3,-13
437,5,4042,R6,3,-13
437,6,4763,R7,3,-13
437,7,5484,R8,3,-13
438,0,438,R1,3,-12
438,1,1159,R2,3,-12
438,2,1880,R3,3,-12
438,3,2601,R4,3,-12
438,4,3322,R5,3,-12
438,5,4043,R6,3,-12
438,6,4764,R7,3,-12
438,7,5485,R8,3,-12
439,0,439,R1,3,-11
439,1,1160,R2,3,-11
439,2,1881,R3,3,-11
439,3,2602,R4,3,-11
439,4,3323,R5,3,-11
439,5,4044,R6,3,-11
439,6,4765,R7,3,-11
439,7,5486,R8,3,-11
440,0,440,R1,3,-10
440,1,1161,R2,3,-10
440,2,1882,R3,3,-10
440,3,2603,R4,3,-10
440,4,3324,R5,3,-10
440,5,4045,R6,3,-10
440,6,4766,R7,3,-10
440,7,5487,R8,3,-10
441,0,441,R1,3,-9
441,1,1162,R2,3,-9
441,2,1883,R3,3,-9
441,3,2604,R4,3,-9
441,4,3325,R5,3,-9
441,5,4046,R6,3,-9
441,6,4767,R7,3,-9
441,7,5488,R8,3,-9
442,0,442,R1,3,-8
442,1,1163,R2,3,-8
442,2,1884,R3,3,-8
442,3,2605,R4,3,-8
442,4,3326,R5,3,-8
442,5,4047,R6,3,-8
442,6,4768,R7,3,-8
442,7,5489,R8,3,-8
443,0,443,R1,3,-7
443,1,1164,R2,3,-7
443,2,1885,R3,3,-7
443,3,2606,R4,3,-7
443,4,3327,R5,3,-7
443,5,4048,R6,3,-7
443,6,4769,R7,3,-7
443,7,5490,R8,3,-7
444,0,444,R1,3,-6
444,1,1165,R2,3,-6
444,2,1886,R3,3,-6
444,3,2607,R4,3,-6
444,4,3328,R5,3,-6
444,5,4049,R6,3,-6
444,6,4770,R7,3,-6
444,7,5491,R8,3,-6
445,0,445,R1,3,-5
445,1,1166,R2,3,-5
445,2,1887,R3,3,-5
445,3,2608,R4,3,-5
445,4,3329,R5,3,-5
445,5,4050,R6,3,-5
445,6,4771,R7,3,-5
445,7,5492,R8,3,-5
446,0,446,R1,3,-4
446,1,1167,R2,3,-4
446,2,1888,R3,3,-4
446,3,2609,R4,3,-4
446,4,3330,R5,3,-4
446,5,4051,R6,3,-4
446,6,4772,R7,3,-4
446,7,5493,R8,3,-4
447,0,447,R1,3,-3
447,1,1168,R2,3,-3
447,2,1889,R3,3,-3
447,3,2610,R4,3,-3
447,4,3331,R5,3,-3
447,5,4052,R6,3,-3
447,6,4773,R7,3,-3
447,7,5494,R8,3,-3
448,0,448,R1,3,-2
448,1,1169,R2,3,-2
448,2,1890,R3,3,-2
448,3,2611,R4,3,-2
448,4,3332,R5,3,-2
448,5,4053,R6,3,-2
448,6,4774,R7,3,-2
448,7,5495,R8,3,-2
449,0,449,R1,3,-1
449,1,1170,R2,3,-1
449,2,1891,R3,3,-1
449,3,2612,R4,3,-1
449,4,3333,R5,3,-1
449,5,4054,R6,3,-1
449,6,4775,R7,3,-1
449,7,5496,R8,3,-1
450,0,450,R1,3,0
450,1,1171,R2,3,0
450,2,1892,R3,3,0
450,3,2613,R4,3,0
450,4,3334,R5,3,0
450,5,4055,R6,3,0
450,6,4776,R7,3,0
450,7,5497,R8,3,0
451,0,451,R1,3,1
451,1,1172,R2,3,1
451,2,1893,R3,3,1
451,3,2614,R4,3,1
451,4,3335,R5,3,1
451,5,4056,R6,3,1
451,6,4777,R7,3,1
451,7,5498,R8,3,1
452,0,452,R1,3,2
452,1,1173,R2,3,2
452,2,1894,R3,3,2
452,3,2615,R4,3,2
452,4,3336,R5,3,2
452,5,4057,R6,3,2
452,6,4778,R7,3,2
452,7,5499,R8,3,2
453,0,453,R1,3,3
453,1,1174,R2,3,3
453,2,1895,R3,3,3
453,3,2616,R4,3,3
453,4,3337,R5,3,3
453,5,4058,R6,3,3
453,6,4779,R7,3,3
453,7,5500,R8,3,3
454,0,454,R1,3,4
454,1,1175,R2,3,4
454,2,1896,R3,3,4
454,3,2617,R4,3,4
454,4,3338,R5,3,4
454,5,4059,R6,3,4
454,6,4780,R7,3,4
454,7,5501,R8,3,4
455,0,455,R1,3,5
455,1,1176,R2,3,5
455,2,1897,R3,3,5
455,3,2618,R4,3,5
455,4,3339,R5,3,5
455,5,4060,R6,3,5
455,6,4781,R7,3,5
455,7,5502,R8,3,5
456,0,456,R1,3,6
456,1,1177,R2,3,6
456,2,1898,R3,3,6
456,3,2619,R4,3,6
456,4,3340,R5,3,6
456,5,4061,R6,3,6
456,6,4782,R7,3,6
456,7,5503,R8,3,6
457,0,457,R1,3,7
457,1,1178,R2,3,7
457,2,1899,R3,3,7
457,3,2620,R4,3,7
457,4,3341,R5,3,7
457,5,4062,R6,3,7
457,6,4783,R7,3,7
457,7,5504,R8,3,7
458,0,458,R1,3,8
458,1,1179,R2,3,8
458,2,1900,R3,3,8
458,3,2621,R4,3,8
458,4,3342,R5,3,8
458,5,4063,R6,3,8
458,6,4784,R7,3,8
458,7,5505,R8,3,8
459,0,459,R1,3,9
459,1,1180,R2,3,9
459,2,1901,R3,3,9
459,3,2622,R4,3,9
459,4,3343,R5,3,9
459,5,4064,R6,3,9
459,6,4785,R7,3,9
459,7,5506,R8,3,9
460,0,460,R1,3,10
460,1,1181,R2,3,10
460,2,1902,R3,3,10
460,3,2623,R4,3,10
460,4,3344,R5,3,10
460,5,4065,R6,3,10
460,6,4786,R7,3,10
460,7,5507,R8,3,10
461,0,461,R1,3,11
461,1,1182,R2,3,11
461,2,1903,R3,3,11
461,3,2624,R4,3,11
461,4,3345,R5,3,11
461,5,4066,R6,3,11
461,6,4787,R7,3,11
461,7,5508,R8,3,11
462,0,462,R1,3,12
462,1,1183,R2,3,12
462,2,1904,R3,3,12
462,3,2625,R4,3,12
462,4,3346,R5,3,12
462,5,4067,R6,3,12
462,6,4788,R7,3,12
462,7,5509,R8,3,12
463,0,463,R1,4,-15
463,1,1184,R2,4,-15
463,2,1905,R3,4,-15
463,3,2626,R4,4,-15
463,4,3347,R5,4,-15
463,5,4068,R6,4,-15
463,6,4789,R7,4,-15
463,7,5510,R8,4,-15
464,0,464,R1,4,-14
464,1,1185,R2,4,-14
464,2,1906,R3,4,-14
464,3,2627,R4,4,-14
464,4,3348,R5,4,-14
464,5,4069,R6,4,-14
464,6,4790,R7,4,-14
464,7,5511,R8,4,-14
465,0,465,R1,4,-13
465,1,1186,R2,4,-13
465,2,1907,R3,4,-13
465,3,2628,R4,4,-13
465,4,3349,R5,4,-13
465,5,4070,R6,4,-13
465,6,4791,R7,4,-13
465,7,5512,R8,4,-13
466,0,466,R1,4,-12
466,1,1187,R2,4,-12
466,2,1908,R3,4,-12
466,3,2629,R4,4,-12
466,4,3350,R5,4,-12
466,5,4071,R6,4,-12
466,6,4792,R7,4,-12
466,7,5513,R8,4,-12
467,0,467,R1,4,-11
467,1,1188,R2,4,-11
467,2,1909,R3,4,-11
467,3,2630,R4,4,-11
467,4,3351,R5,4,-11
467,5,4072,R6,4,-11
467,6,4793,R7,4,-11
467,7,5514,R8,4,-11
468,0,468,R1,4,-10
468,1,1189,R2,4,-10
468,2,1910,R3,4,-10
468,3,2631,R4,4,-10
468,4,3352,R5,4,-10
468,5,4073,R6,4,-10
468,6,4794,R7,4,-10
468,7,5515,R8,4,-10
469,0,469,R1,4,-9
469,1,1190,R2,4,-9
469,2,1911,R3,4,-9
469,3,2632,R4,4,-9
469,4,3353,R5,4,-9
469,5,4074,R6,4,-9
469,6,4795,R7,4,-9
469,7,5516,R8,4,-9
470,0,470,R1,4,-8
470,1,1191,R2,4,-8
470,2,1912,R3,4,-8
470,3,2633,R4,4,-8
470,4,3354,R5,4,-8
470,5,4075,R6,4,-8
470,6,4796,R7,4,-8
470,7,5517,R8,4,-8
471,0,471,R1,4,-7
471,1,1192,R2,4,-7
471,2,1913,R3,4,-7
471,3,2634,R4,4,-7
471,4,3355,R5,4,-7
471,5,4076,R6,4,-7
471,6,4797,R7,4,-7
471,7,5518,R8,4,-7
472,0,472,R1,4,-6
472,1,1193,R2,4,-6
472,2,1914,R3,4,-6
472,3,2635,R4,4,-6
472,4,3356,R5,4,-6
472,5,4077,R6,4,-6
472,6,4798,R7,4,-6
472,7,5519,R8,4,-6
473,0,473,R1,4,-5
473,1,1194,R2,4,-5
473,2,1915,R3,4,-5
473,3,2636,R4,4,-5
473,4,3357,R5,4,-5
473,5,4078,R6,4,-5
473,6,4799,R7,4,-5
473,7,5520,R8,4,-5
474,0,474,R1,4,-4
474,1,1195,R2,4,-4
474,2,1916,R3,4,-4
474,3,2637,R4,4,-4
474,4,3358,R5,4,-4
474,5,4079,R6,4,-4
474,6,4800,R7,4,-4
474,7,5521,R8,4,-4
475,0,475,R1,4,-3
475,1,1196,R2,4,-3
475,2,1917,R3,4,-3
475,3,2638,R4,4,-3
475,4,3359,R5,4,-3
475,5,4080,R6,4,-3
475,6,4801,R7,4,-3
475,7,5522,R8,4,-3
476,0,476,R1,4,-2
476,1,1197,R2,4,-2
476,2,1918,R3,4,-2
476,3,2639,R4,4,-2
476,4,3360,R5,4,-2
476,5,4081,R6,4,-2
476,6,4802,R7,4,-2
476,7,5523,R8,4,-2
477,0,477,R1,4,-1
477,1,1198,R2,4,-1
477,2,1919,R3,4,-1
477,3,2640,R4,4,-1
477,4,3361,R5,4,-1
477,5,4082,R6,4,-1
477,6,4803,R7,4,-1
477,7,5524,R8,4,-1
478,0,478,R1,4,0
478,1,1199,R2,4,0
478,2,1920,R3,4,0
478,3,2641,R4,4,0
478,4,3362,R5,4,0
478,5,4083,R6,4,0
478,6,4804,R7,4,0
478,7,5525,R8,4,0
479,0,479,R1,4,1
479,1,1200,R2,4,1
479,2,1921,R3,4,1
479,3,2642,R4,4,1
479,4,3363,R5,4,1
479,5,4084,R6,4,1
479,6,4805,R7,4,1
479,7,5526,R8,4,1
480,0,480,R1,4,2
480,1,1201,R2,4,2
480,2,1922,R3,4,2
480,3,2643,R4,4,2
480,4,3364,R5,4,2
480,5,4085,R6,4,2
480,6,4806,R7,4,2
480,7,5527,R8,4,2
481,0,481,R1,4,3
481,1,1202,R2,4,3
481,2,1923,R3,4,3
481,3,2644,R4,4,3
481,4,3365,R5,4,3
481,5,4086,R6,4,3
481,6,4807,R7,4,3
481,7,5528,R8,4,3
482,0,482,R1,4,4
482,1,1203,R2,4,4
482,2,1924,R3,4,4
482,3,2645,R4,4,4
482,4,3366,R5,4,4
482,5,4087,R6,4,4
482,6,4808,R7,4,4
482,7,5529,R8,4,4
483,0,483,R1,4,5
483,1,1204,R2,4,5
483,2,1925,R3,4,5
483,3,2646,R4,4,5
483,4,3367,R5,4,5
483,5,4088,R6,4,5
483,6,4809,R7,4,5
483,7,5530,R8,4,5
484,0,484,R1,4,6
484,1,1205,R2,4,6
484,2,1926,R3,4,6
484,3,2647,R4,4,6
484,4,3368,R5,4,6
484,5,4089,R6,4,6
484,6,4810,R7,4,6
484,7,5531,R8,4,6
485,0,485,R1,4,7
485,1,1206,R2,4,7
485,2,1927,R3,4,7
485,3,2648,R4,4,7
485,4,3369,R5,4,7
485,5,4090,R6,4,7
485,6,4811,R7,4,7
485,7,5532,R8,4,7
486,0,486,R1,4,8
486,1,1207,R2,4,8
486,2,1928,R3,4,8
486,3,2649,R4,4,8
486,4,3370,R5,4,8
486,5,4091,R6,4,8
486,6,4812,R7,4,8
486,7,5533,R8,4,8
487,0,487,R1,4,9
487,1,1208,R2,4,9
487,2,1929,R3,4,9
487,3,2650,R4,4,9
487,4,3371,R5,4,9
487,5,4092,R6,4,9
487,6,4813,R7,4,9
487,7,5534,R8,4,9
488,0,488,R1,4,10
488,1,1209,R2,4,10
488,2,1930,R3,4,10
488,3,2651,R4,4,10
488,4,3372,R5,4,10
488,5,4093,R6,4,10
488,6,4814,R7,4,10
488,7,5535,R8,4,10
489,0,489,R1,4,11
489,1,1210,R2,4,11
489,2,1931,R3,4,11
489,3,2652,R4,4,11
489,4,3373,R5,4,11
489,5,4094,R6,4,11
489,6,4815,R7,4,11
489,7,5536,R8,4,11
490,0,490,R1,5,-15
490,1,1211,R2,5,-15
490,2,1932,R3,5,-15
490,3,2653,R4,5,-15
490,4,3374,R5,5,-15
490,5,4095,R6,5,-15
490,6,4816,R7,5,-15
490,7,5537,R8,5,-15
491,0,491,R1,5,-14
491,1,1212,R2,5,-14
491,2,1933,R3,5,-14
491,3,2654,R4,5,-14
491,4,3375,R5,5,-14
491,5,4096,R6,5,-14
491,6,4817,R7,5,-14
491,7,5538,R8,5,-14
492,0,492,R1,5,-13
492,1,1213,R2,5,-13
492,2,1934,R3,5,-13
492,3,2655,R4,5,-13
492,4,3376,R5,5,-13
492,5,4097,R6,5,-13
492,6,4818,R7,5,-13
492,7,5539,R8,5,-13
493,0,493,R1,5,-12
493,1,1214,R2,5,-12
493,2,1935,R3,5,-12
493,3,2656,R4,5,-12
493,4,3377,R5,5,-12
493,5,4098,R6,5,-12
493,6,4819,R7,5,-12
493,7,5540,R8,5,-12
494,0,494,R1,5,-11
494,1,1215,R2,5,-11
494,2,1936,R3,5,-11
494,3,2657,R4,5,-11
494,4,3378,R5,5,-11
494,5,4099,R6,5,-11
494,6,4820,R7,5,-11
494,7,5541,R8,5,-11
495,0,495,R1,5,-10
495,1,1216,R2,5,-10
495,2,1937,R3,5,-10
495,3,2658,R4,5,-10
495,4,3379,R5,5,-10
495,5,4100,R6,5,-10
495,6,4821,R7,5,-10
495,7,5542,R8,5,-10
496,0,496,R1,5,-9
496,1,1217,R2,5,-9
496,2,1938,R3,5,-9
496,3,2659,R4,5,-9
496,4,3380,R5,5,-9
496,5,4101,R6,5,-9
496,6,4822,R7,5,-9
496,7,5543,R8,5,-9
497,0,497,R1,5,-8
497,1,1218,R2,5,-8
497,2,1939,R3,5,-8
497,3,2660,R4,5,-8
497,4,3381,R5,5,-8
497,5,4102,R6,5,-8
497,6,4823,R7,5,-8
497,7,5544,R8,5,-8
498,0,498,R1,5,-7
498,1,1219,R2,5,-7
498,2,1940,R3,5,-7
498,3,2661,R4,5,-7
498,4,3382,R5,5,-7
498,5,4103,R6,5,-7
498,6,4824,R7,5,-7
498,7,5545,R8,5,-7
499,0,499,R1,5,-6
499,1,1220,R2,5,-6
499,2,1941,R3,5,-6
499,3,2662,R4,5,-6
499,4,3383,R5,5,-6
499,5,4104,R6,5,-6
499,6,4825,R7,5,-6
499,7,5546,R8,5,-6
500,0,500,R1,5,-5
500,1,1221,R2,5,-5
500,2,1942,R3,5,-5
500,3,2663,R4,5,-5
500,4,3384,R5,5,-5
500,5,4105,R6,5,-5
500,6,4826,R7,5,-5
500,7,5547,R8,5,-5
501,0,501,R1,5,-4
501,1,1222,R2,5,-4
501,2,1943,R3,5,-4
501,3,2664,R4,5,-4
501,4,3385,R5,5,-4
501,5,4106,R6,5,-4
501,6,4827,R7,5,-4
501,7,5548,R8,5,-4
502,0,502,R1,5,-3
502,1,1223,R2,5,-3
502,2,1944,R3,5,-3
502,3,2665,R4,5,-3
502,4,3386,R5,5,-3
502,5,4107,R6,5,-3
502,6,4828,R7,5,-3
502,7,5549,R8,5,-3
503,0,503,R1,5,-2
503,1,1224,R2,5,-2
503,2,1945,R3,5,-2
503,3,2666,R4,5,-2
503,4,3387,R5,5,-2
503,5,4108,R6,5,-2
503,6,4829,R7,5,-2
503,7,5550,R8,5,-2
504,0,504,R1,5,-1
504,1,1225,R2,5,-1
504,2,1946,R3,5,-1
504,3,2667,R4,5,-1
504,4,3388,R5,5,-1
504,5,4109,R6,5,-1
504,6,4830,R7,5,-1
504,7,5551,R8,5,-1
505,0,505,R1,5,0
505,1,1226,R2,5,0
505,2,1947,R3,5,0
505,3,2668,R4,5,0
505,4,3389,R5,5,0
505,5,4110,R6,5,0
505,6,4831,R7,5,0
505,7,5552,R8,5,0
506,0,506,R1,5,1
506,1,1227,R2,5,1
506,2,1948,R3,5,1
506,3,2669,R4,5,1
506,4,3390,R5,5,1
506,5,4111,R6,5,1
506,6,4832,R7,5,1
506,7,5553,R8,5,1
507,0,507,R1,5,2
507,1,1228,R2,5,2
507,2,1949,R3,5,2
507,3,2670,R4,5,2
507,4,3391,R5,5,2
507,5,4112,R6,5,2
507,6,4833,R7,5,2
507,7,5554,R8,5,2
508,0,508,R1,5,3
508,1,1229,R2,5,3
508,2,1950,R3,5,3
508,3,2671,R4,5,3
508,4,3392,R5,5,3
508,5,4113,R6,5,3
508,6,4834,R7,5,3
508,7,5555,R8,5,3
509,0,509,R1,5,4
509,1,1230,R2,5,4
509,2,1951,R3,5,4
509,3,2672,R4,5,4
509,4,3393,R5,5,4
509,5,4114,R6,5,4
509,6,4835,R7,5,4
509,7,5556,R8,5,4
510,0,510,R1,5,5
510,1,1231,R2,5,5
510,2,1952,R3,5,5
510,3,2673,R4,5,5
510,4,3394,R5,5,5
510,5,4115,R6,5,5
510,6,4836,R7,5,5
510,7,5557,R8,5,5
511,0,511,R1,5,6
511,1,1232,R2,5,6
511,2,1953,R3,5,6
511,3,2674,R4,5,6
511,4,3395,R5,5,6
511,5,4116,R6,5,6
511,6,4837,R7,5,6
511,7,5558,R8,5,6
512,0,512,R1,5,7
512,1,1233,R2,5,7
512,2,1954,R3,5,7
512,3,2675,R4,5,7
512,4,3396,R5,5,7
512,5,4117,R6,5,7
512,6,4838,R7,5,7
512,7,5559,R8,5,7
513,0,513,R1,5,8
513,1,1234,R2,5,8
513,2,1955,R3,5,8
513,3,2676,R4,5,8
513,4,3397,R5,5,8
513,5,4118,R6,5,8
513,6,4839,R7,5,8
513,7,5560,R8,5,8
514,0,514,R1,5,9
514,1,1235,R2,5,9
514,2,1956,R3,5,9
514,3,2677,R4,5,9
514,4,3398,R5,5,9
514,5,4119,R6,5,9
514,6,4840,R7,5,9
514,7,5561,R8,5,9
515,0,515,R1,5,10
515,1,1236,R2,5,10
515,2,1957,R3,5,10
515,3,2678,R4,5,10
515,4,3399,R5,5,10
515,5,4120,R6,5,10
515,6,4841,R7,5,10
515,7,5562,R8,5,10
516,0,516,R1,6,-15
516,1,1237,R2,6,-15
516,2,1958,R3,6,-15
516,3,2679,R4,6,-15
516,4,3400,R5,6,-15
516,5,4121,R6,6,-15
516,6,4842,R7,6,-15
516,7,5563,R8,6,-15
517,0,517,R1,6,-14
517,1,1238,R2,6,-14
517,2,1959,R3,6,-14
517,3,2680,R4,6,-14
517,4,3401,R5,6,-14
517,5,4122,R6,6,-14
517,6,4843,R7,6,-14
517,7,5564,R8,6,-14
518,0,518,R1,6,-13
518,1,1239,R2,6,-13
518,2,1960,R3,6,-13
518,3,2681,R4,6,-13
518,4,3402,R5,6,-13
518,5,4123,R6,6,-13
518,6,4844,R7,6,-13
518,7,5565,R8,6,-13
519,0,519,R1,6,-12
519,1,1240,R2,6,-12
519,2,1961,R3,6,-12
519,3,2682,R4,6,-12
519,4,3403,R5,6,-12
519,5,4124,R6,6,-12
519,6,4845,R7,6,-12
519,7,5566,R8,6,-12
520,0,520,R1,6,-11
520,1,1241,R2,6,-11
520,2,1962,R3,6,-11
520,3,2683,R4,6,-11
520,4,3404,R5,6,-11
520,5,4125,R6,6,-11
520,6,4846,R7,6,-11
520,7,5567,R8,6,-11
521,0,521,R1,6,-10
521,1,1242,R2,6,-10
521,2,1963,R3,6,-10
521,3,2684,R4,6,-10
521,4,3405,R5,6,-10
521,5,4126,R6,6,-10
521,6,4847,R7,6,-10
521,7,5568,R8,6,-10
522,0,522,R1,6,-9
522,1,1243,R2,6,-9
522,2,1964,R3,6,-9
522,3,2685,R4,6,-9
522,4,3406,R5,6,-9
522,5,4127,R6,6,-9
522,6,4848,R7,6,-9
522,7,5569,R8,6,-9
523,0,523,R1,6,-8
523,1,1244,R2,6,-8
523,2,1965,R3,6,-8
523,3,2686,R4,6,-8
523,4,3407,R5,6,-8
523,5,4128,R6,6,-8
523,6,4849,R7,6,-8
523,7,5570,R8,6,-8
524,0,524,R1,6,-7
524,1,1245,R2,6,-7
524,2,1966,R3,6,-7
524,3,2687,R4,6,-7
524,4,3408,R5,6,-7
524,5,4129,R6,6,-7
524,6,4850,R7,6,-7
524,7,5571,R8,6,-7
525,0,525,R1,6,-6
525,1,1246,R2,6,-6
525,2,1967,R3,6,-6
525,3,2688,R4,6,-6
525,4,3409,R5,6,-6
525,5,4130,R6,6,-6
525,6,4851,R7,6,-6
525,7,5572,R8,6,-6
526,0,526,R1,6,-5
526,1,1247,R2,6,-5
526,2,1968,R3,6,-5
526,3,2689,R4,6,-5
526,4,3410,R5,6,-5
526,5,4131,R6,6,-5
526,6,4852,R7,6,-5
526,7,5573,R8,6,-5
527,0,527,R1,6,-4
527,1,1248,R2,6,-4
527,2,1969,R3,6,-4
527,3,2690,R4,6,-4
527,4,3411,R5,6,-4
527,5,4132,R6,6,-4
527,6,4853,R7,6,-4
527,7,5574,R8,6,-4
528,0,528,R1,6,-3
528,1,1249,R2,6,-3
528,2,1970,R3,6,-3
528,3,2691,R4,6,-3
528,4,3412,R5,6,-3
528,5,4133,R6,6,-3
528,6,4854,R7,6,-3
528,7,5575,R8,6,-3
529,0,529,R1,6,-2
529,1,1250,R2,6,-2
529,2,1971,R3,6,-2
529,3,2692,R4,6,-2
529,4,3413,R5,6,-2
529,5,4134,R6,6,-2
529,6,4855,R7,6,-2
529,7,5576,R8,6,-2
530,0,530,R1,6,-1
530,1,1251,R2,6,-1
530,2,1972,R3,6,-1
530,3,2693,R4,6,-1
530,4,3414,R5,6,-1
530,5,4135,R6,6,-1
530,6,4856,R7,6,-1
530,7,5577,R8,6,-1
531,0,531,R1,6,0
531,1,1252,R2,6,0
531,2,1973,R3,6,0
531,3,2694,R4,6,0
531,4,3415,R5,6,0
531,5,4136,R6,6,0
531,6,4857,R7,6,0
531,7,5578,R8,6,0
532,0,532,R1,6,1
532,1,1253,R2,6,1
532,2,1974,R3,6,1
532,3,2695,R4,6,1
532,4,3416,R5,6,1
532,5,4137,R6,6,1
532,6,4858,R7,6,1
532,7,5579,R8,6,1
533,0,533,R1,6,2
533,1,1254,R2,6,2
533,2,1975,R3,6,2
533,3,2696,R4,6,2
533,4,3417,R5,6,2
533,5,4138,R6,6,2
533,6,4859,R7,6,2
533,7,5580,R8,6,2
534,0,534,R1,6,3
534,1,1255,R2,6,3
534,2,1976,R3,6,3
534,3,2697,R4,6,3
534,4,3418,R5,6,3
534,5,4139,R6,6,3
534,6,4860,R7,6,3
534,7,5581,R8,6,3
535,0,535,R1,6,4
535,1,1256,R2,6,4
535,2,1977,R3,6,4
535,3,2698,R4,6,4
535,4,3419,R5,6,4
535,5,4140,R6,6,4
535,6,4861,R7,6,4
535,7,5582,R8,6,4
536,0,536,R1,6,5
536,1,1257,R2,6,5
536,2,1978,R3,6,5
536,3,2699,R4,6,5
536,4,3420,R5,6,5
536,5,4141,R6,6,5
536,6,4862,R7,6,5
536,7,5583,R8,6,5
537,0,537,R1,6,6
537,1,1258,R2,6,6
537,2,1979,R3,6,6
537,3,2700,R4,6,6
537,4,3421,R5,6,6
537,5,4142,R6,6,6
537,6,4863,R7,6,6
537,7,5584,R8,6,6
538,0,538,R1,6,7
538,1,1259,R2,6,7
538,2,1980,R3,6,7
538,3,2701,R4,6,7
538,4,3422,R5,6,7
538,5,4143,R6,6,7
538,6,4864,R7,6,7
538,7,5585,R8,6,7
539,0,539,R1,6,8
539,1,1260,R2,6,8
539,2,1981,R3,6,8
539,3,2702,R4,6,8
539,4,3423,R5,6,8
539,5,4144,R6,6,8
539,6,4865,R7,6,8
539,7,5586,R8,6,8
540,0,540,R1,6,9
540,1,1261,R2,6,9
540,2,1982,R3,6,9
540,3,2703,R4,6,9
540,4,3424,R5,6,9
540,5,4145,R6,6,9
540,6,4866,R7,6,9
540,7,5587,R8,6,9
541,0,541,R1,7,-15
541,1,1262,R2,7,-15
541,2,1983,R3,7,-15
541,3,2704,R4,7,-15
541,4,3425,R5,7,-15
541,5,4146,R6,7,-15
541,6,4867,R7,7,-15
541,7,5588,R8,7,-15
542,0,542,R1,7,-14
542,1,1263,R2,7,-14
542,2,1984,R3,7,-14
542,3,2705,R4,7,-14
542,4,3426,R5,7,-14
542,5,4147,R6,7,-14
542,6,4868,R7,7,-14
542,7,5589,R8,7,-14
543,0,543,R1,7,-13
543,1,1264,R2,7,-13
543,2,1985,R3,7,-13
543,3,2706,R4,7,-13
543,4,3427,R5,7,-13
543,5,4148,R6,7,-13
543,6,4869,R7,7,-13
543,7,5590,R8,7,-13
544,0,544,R1,7,-12
544,1,1265,R2,7,-12
544,2,1986,R3,7,-12
544,3,2707,R4,7,-12
544,4,3428,R5,7,-12
544,5,4149,R6,7,-12
544,6,4870,R7,7,-12
544,7,5591,R8,7,-12
545,0,545,R1,7,-11
545,1,1266,R2,7,-11
545,2,1987,R3,7,-11
545,3,2708,R4,7,-11
545,4,3429,R5,7,-11
545,5,4150,R6,7,-11
545,6,4871,R7,7,-11
545,7,5592,R8,7,-11
546,0,546,R1,7,-10
546,1,1267,R2,7,-10
546,2,1988,R3,7,-10
546,3,2709,R4,7,-10
546,4,3430,R5,7,-10
546,5,4151,R6,7,-10
546,6,4872,R7,7,-10
546,7,5593,R8,7,-10
547,0,547,R1,7,-9
547,1,1268,R2,7,-9
547,2,1989,R3,7,-9
547,3,2710,R4,7,-9
547,4,3431,R5,7,-9
547,5,4152,R6,7,-9
547,6,4873,R7,7,-9
547,7,5594,R8,7,-9
548,0,548,R1,7,-8
548,1,1269,R2,7,-8
548,2,1990,R3,7,-8
548,3,2711,R4,7,-8
548,4,3432,R5,7,-8
548,5,4153,R6,7,-8
548,6,4874,R7,7,-8
548,7,5595,R8,7,-8
549,0,549,R1,7,-7
549,1,1270,R2,7,-7
549,2,1991,R3,7,-7
549,3,2712,R4,7,-7
549,4,3433,R5,7,-7
549,5,4154,R6,7,-7
549,6,4875,R7,7,-7
549,7,5596,R8,7,-7
550,0,550,R1,7,-6
550,1,1271,R2,7,-6
550,2,1992,R3,7,-6
550,3,2713,R4,7,-6
550,4,3434,R5,7,-6
550,5,4155,R6,7,-6
550,6,4876,R7,7,-6
550,7,5597,R8,7,-6
551,0,551,R1,7,-5
551,1,1272,R2,7,-5
551,2,1993,R3,7,-5
551,3,2714,R4,7,-5
551,4,3435,R5,7,-5
551,5,4156,R6,7,-5
551,6,4877,R7,7,-5
551,7,5598,R8,7,-5
552,0,552,R1,7,-4
552,1,1273,R2,7,-4
552,2,1994,R3,7,-4
552,3,2715,R4,7,-4
552,4,3436,R5,7,-4
552,5,4157,R6,7,-4
552,6,4878,R7,7,-4
552,7,5599,R8,7,-4
553,0,553,R1,7,-3
553,1,1274,R2,7,-3
553,2,1995,R3,7,-3
553,3,2716,R4,7,-3
553,4,3437,R5,7,-3
553,5,4158,R6,7,-3
553,6,4879,R7,7,-3
553,7,5600,R8,7,-3
554,0,554,R1,7,-2
554,1,1275,R2,7,-2
554,2,1996,R3,7,-2
554,3,2717,R4,7,-2
554,4,3438,R5,7,-2
554,5,4159,R6,7,-2
554,6,4880,R7,7,-2
554,7,5601,R8,7,-2
555,0,555,R1,7,-1
555,1,1276,R2,7,-1
555,2,1997,R3,7,-1
555,3,2718,R4,7,-1
555,4,3439,R5,7,-1
555,5,4160,R6,7,-1
555,6,4881,R7,7,-1
555,7,5602,R8,7,-1
556,0,556,R1,7,0
556,1,1277,R2,7,0
556,2,1998,R3,7,0
556,3,2719,R4,7,0
556,4,3440,R5,7,0
556,5,4161,R6,7,0
556,6,4882,R7,7,0
556,7,5603,R8,7,0
557,0,557,R1,7,1
557,1,1278,R2,7,1
557,2,1999,R3,7,1
557,3,2720,R4,7,1
557,4,3441,R5,7,1
557,5,4162,R6,7,1
557,6,4883,R7,7,1
557,7,5604,R8,7,1
558,0,558,R1,7,2
558,1,1279,R2,7,2
558,2,2000,R3,7,2
558,3,2721,R4,7,2
558,4,3442,R5,7,2
558,5,4163,R6,7,2
558,6,4884,R7,7,2
558,7,5605,R8,7,2
559,0,559,R1,7,3
559,1,1280,R2,7,3
559,2,2001,R3,7,3
559,3,2722,R4,7,3
559,4,3443,R5,7,3
559,5,4164,R6,7,3
559,6,4885,R7,7,3
559,7,5606,R8,7,3
560,0,560,R1,7,4
560,1,1281,R2,7,4
560,2,2002,R3,7,4
560,3,2723,R4,7,4
560,4,3444,R5,7,4
560,5,4165,R6,7,4
560,6,4886,R7,7,4
560,7,5607,R8,7,4
561,0,561,R1,7,5
561,1,1282,R2,7,5
561,2,2003,R3,7,5
561,3,2724,R4,7,5
561,4,3445,R5,7,5
561,5,4166,R6,7,5
561,6,4887,R7,7,5
561,7,5608,R8,7,5
562,0,562,R1,7,6
562,1,1283,R2,7,6
562,2,2004,R3,7,6
562,3,2725,R4,7,6
562,4,3446,R5,7,6
562,5,4167,R6,7,6
562,6,4888,R7,7,6
562,7,5609,R8,7,6
563,0,563,R1,7,7
563,1,1284,R2,7,7
563,2,2005,R3,7,7
563,3,2726,R4,7,7
563,4,3447,R5,7,7
563,5,4168,R6,7,7
563,6,4889,R7,7,7
563,7,5610,R8,7,7
564,0,564,R1,7,8
564,1,1285,R2,7,8
564,2,2006,R3,7,8
564,3,2727,R4,7,8
564,4,3448,R5,7,8
564,5,4169,R6,7,8
564,6,4890,R7,7,8
564,7,5611,R8,7,8
565,0,565,R1,8,-15
565,1,1286,R2,8,-15
565,2,2007,R3,8,-15
565,3,2728,R4,8,-15
565,4,3449,R5,8,-15
565,5,4170,R6,8,-15
565,6,4891,R7,8,-15
565,7,5612,R8,8,-15
566,0,566,R1,8,-14
566,1,1287,R2,8,-14
566,2,2008,R3,8,-14
566,3,2729,R4,8,-14
566,4,3450,R5,8,-14
566,5,4171,R6,8,-14
566,6,4892,R7,8,-14
566,7,5613,R8,8,-14
567,0,567,R1,8,-13
567,1,1288,R2,8,-13
567,2,2009,R3,8,-13
567,3,2730,R4,8,-13
567,4,3451,R5,8,-13
567,5,4172,R6,8,-13
567,6,4893,R7,8,-13
567,7,5614,R8,8,-13
568,0,568,R1,8,-12
568,1,1289,R2,8,-12
568,2,2010,R3,8,-12
568,3,2731,R4,8,-12
568,4,3452,R5,8,-12
568,5,4173,R6,8,-12
568,6,4894,R7,8,-12
568,7,5615,R8,8,-12
569,0,569,R1,8,-11
569,1,1290,R2,8,-11
569,2,2011,R3,8,-11
569,3,2732,R4,8,-11
569,4,3453,R5,8,-11
569,5,4174,R6,8,-11
569,6,4895,R7,8,-11
569,7,5616,R8,8,-11
570,0,570,R1,8,-10
570,1,1291,R2,8,-10
570,2,2012,R3,8,-10
570,3,2733,R4,8,-10
570,4,3454,R5,8,-10
570,5,4175,R6,8,-10
570,6,4896,R7,8,-10
570,7,5617,R8,8,-10
571,0,571,R1,8,-9
571,1,1292,R2,8,-9
571,2,2013,R3,8,-9
571,3,2734,R4,8,-9
571,4,3455,R5,8,-9
571,5,4176,R6,8,-9
571,6,4897,R7,8,-9
571,7,5618,R8,8,-9
572,0,572,R1,8,-8
572,1,1293,R2,8,-8
572,2,2014,R3,8,-8
572,3,2735,R4,8,-8
572,4,3456,R5,8,-8
572,5,4177,R6,8,-8
572,6,4898,R7,8,-8
572,7,5619,R8,8,-8
573,0,573,R1,8,-7
573,1,1294,R2,8,-7
573,2,2015,R3,8,-7
573,3,2736,R4,8,-7
573,4,3457,R5,8,-7
573,5,4178,R6,8,-7
573,6,4899,R7,8,-7
573,7,5620,R8,8,-7
574,0,574,R1,8,-6
574,1,1295,R2,8,-6
574,2,2016,R3,8,-6
574,3,2737,R4,8,-6
574,4,3458,R5,8,-6
574,5,4179,R6,8,-6
574,6,4900,R7,8,-6
574,7,5621,R8,8,-6
575,0,575,R1,8,-5
575,1,1296,R2,8,-5
575,2,2017,R3,8,-5
575,3,2738,R4,8,-5
575,4,3459,R5,8,-5
575,5,4180,R6,8,-5
575,6,4901,R7,8,-5
575,7,5622,R8,8,-5
576,0,576,R1,8,-4
576,1,1297,R2,8,-4
576,2,2018,R3,8,-4
576,3,2739,R4,8,-4
576,4,3460,R5,8,-4
576,5,4181,R6,8,-4
576,6,4902,R7,8,-4
576,7,5623,R8,8,-4
577,0,577,R1,8,-3
577,1,1298,R2,8,-3
577,2,2019,R3,8,-3
577,3,2740,R4,8,-3
577,4,3461,R5,8,-3
577,5,4182,R6,8,-3
577,6,4903,R7,8,-3
577,7,5624,R8,8,-3
578,0,578,R1,8,-2
578,1,1299,R2,8,-2
578,2,2020,R3,8,-2
578,3,2741,R4,8,-2
578,4,3462,R5,8,-2
578,5,4183,R6,8,-2
578,6,4904,R7,8,-2
578,7,5625,R8,8,-2
579,0,579,R1,8,-1
579,1,1300,R2,8,-1
579,2,2021,R3,8,-1
579,3,2742,R4,8,-1
579,4,3463,R5,8,-1
579,5,4184,R6,8,-1
579,6,4905,R7,8,-1
579,7,5626,R8,8,-1
580,0,580,R1,8,0
580,1,1301,R2,8,0
580,2,2022,R3,8,0
580,3,2743,R4,8,0
580,4,3464,R5,8,0
580,5,4185,R6,8,0
580,6,4906,R7,8,0
580,7,5627,R8,8,0
581,0,581,R1,8,1
581,1,1302,R2,8,1
581,2,2023,R3,8,1
581,3,2744,R4,8,1
581,4,3465,R5,8,1
581,5,4186,R6,8,1
581,6,4907,R7,8,1
581,7,5628,R8,8,1
582,0,582,R1,8,2
582,1,1303,R2,8,2
582,2,2024,R3,8,2
582,3,2745,R4,8,2
582,4,3466,R5,8,2
582,5,4187,R6,8,2
582,6,4908,R7,8,2
582,7,5629,R8,8,2
583,0,583,R1,8,3
583,1,1304,R2,8,3
583,2,2025,R3,8,3
583,3,2746,R4,8,3
583,4,3467,R5,8,3
583,5,4188,R6,8,3
583,6,4909,R7,8,3
583,7,5630,R8,8,3
584,0,584,R1,8,4
584,1,1305,R2,8,4
584,2,2026,R3,8,4
584,3,2747,R4,8,4
584,4,3468,R5,8,4
584,5,4189,R6,8,4
584,6,4910,R7,8,4
584,7,5631,R8,8,4
585,0,585,R1,8,5
585,1,1306,R2,8,5
585,2,2027,R3,8,5
585,3,2748,R4,8,5
585,4,3469,R5,8,5
585,5,4190,R6,8,5
585,6,4911,R7,8,5
585,7,5632,R8,8,5
586,0,586,R1,8,6
586,1,1307,R2,8,6
586,2,2028,R3,8,6
586,3,2749,R4,8,6
586,4,3470,R5,8,6
586,5,4191,R6,8,6
586,6,4912,R7,8,6
586,7,5633,R8,8,6
587,0,587,R1,8,7
587,1,1308,R2,8,7
587,2,2029,R3,8,7
587,3,2750,R4,8,7
587,4,3471,R5,8,7
587,5,4192,R6,8,7
587,6,4913,R7,8,7
587,7,5634,R8,8,7
588,0,588,R1,9,-15
588,1,1309,R2,9,-15
588,2,2030,R3,9,-15
588,3,2751,R4,9,-15
588,4,3472,R5,9,-15
588,5,4193,R6,9,-15
588,6,4914,R7,9,-15
588,7,5635,R8,9,-15
589,0,589,R1,9,-14
589,1,1310,R2,9,-14
589,2,2031,R3,9,-14
589,3,2752,R4,9,-14
589,4,3473,R5,9,-14
589,5,4194,R6,9,-14
589,6,4915,R7,9,-14
589,7,5636,R8,9,-14
590,0,590,R1,9,-13
590,1,1311,R2,9,-13
590,2,2032,R3,9,-13
590,3,2753,R4,9,-13
590,4,3474,R5,9,-13
590,5,4195,R6,9,-13
590,6,4916,R7,9,-13
590,7,5637,R8,9,-13
591,0,591,R1,9,-12
591,1,1312,R2,9,-12
591,2,2033,R3,9,-12
591,3,2754,R4,9,-12
591,4,3475,R5,9,-12
591,5,4196,R6,9,-12
591,6,4917,R7,9,-12
591,7,5638,R8,9,-12
592,0,592,R1,9,-11
592,1,1313,R2,9,-11
592,2,2034,R3,9,-11
592,3,2755,R4,9,-11
592,4,3476,R5,9,-11
592,5,4197,R6,9,-11
592,6,4918,R7,9,-11
592,7,5639,R8,9,-11
593,0,593,R1,9,-10
593,1,1314,R2,9,-10
593,2,2035,R3,9,-10
593,3,2756,R4,9,-10
593,4,3477,R5,9,-10
593,5,4198,R6,9,-10
593,6,4919,R7,9,-10
593,7,5640,R8,9,-10
594,0,594,R1,9,-9
594,1,1315,R2,9,-9
594,2,2036,R3,9,-9
594,3,2757,R4,9,-9
594,4,3478,R5,9,-9
594,5,4199,R6,9,-9
594,6,4920,R7,9,-9
594,7,5641,R8,9,-9
595,0,595,R1,9,-8
595,1,1316,R2,9,-8
595,2,2037,R3,9,-8
595,3,2758,R4,9,-8
595,4,3479,R5,9,-8
595,5,4200,R6,9,-8
595,6,4921,R7,9,-8
595,7,5642,R8,9,-8
596,0,596,R1,9,-7
596,1,1317,R2,9,-7
596,2,2038,R3,9,-7
596,3,2759,R4,9,-7
596,4,3480,R5,9,-7
596,5,4201,R6,9,-7
596,6,4922,R7,9,-7
596,7,5643,R8,9,-7
597,0,597,R1,9,-6
597,1,1318,R2,9,-6
597,2,2039,R3,9,-6
597,3,2760,R4,9,-6
597,4,3481,R5,9,-6
597,5,4202,R6,9,-6
597,6,4923,R7,9,-6
597,7,5644,R8,9,-6
598,0,598,R1,9,-5
598,1,1319,R2,9,-5
598,2,2040,R3,9,-5
598,3,2761,R4,9,-5
598,4,3482,R5,9,-5
598,5,4203,R6,9,-5
598,6,4924,R7,9,-5
598,7,5645,R8,9,-5
599,0,599,R1,9,-4
599,1,1320,R2,9,-4
599,2,2041,R3,9,-4
599,3,2762,R4,9,-4
599,4,3483,R5,9,-4
599,5,4204,R6,9,-4
599,6,4925,R7,9,-4
599,7,5646,R8,9,-4
600,0,600,R1,9,-3
600,1,1321,R2,9,-3
600,2,2042,R3,9,-3
600,3,2763,R4,9,-3
600,4,3484,R5,9,-3
600,5,4205,R6,9,-3
600,6,4926,R7,9,-3
600,7,5647,R8,9,-3
601,0,601,R1,9,-2
601,1,1322,R2,9,-2
601,2,2043,R3,9,-2
601,3,2764,R4,9,-2
601,4,3485,R5,9,-2
601,5,4206,R6,9,-2
601,6,4927,R7,9,-2
601,7,5648,R8,9,-2
602,0,602,R1,9,-1
602,1,1323,R2,9,-1
602,2,2044,R3,9,-1
602,3,2765,R4,9,-1
602,4,3486,R5,9,-1
602,5,4207,R6,9,-1
602,6,4928,R7,9,-1
602,7,5649,R8,9,-1
603,0,603,R1,9,0
603,1,1324,R2,9,0
603,2,2045,R3,9,0
603,3,2766,R4,9,0
603,4,3487,R5,9,0
603,5,4208,R6,9,0
603,6,4929,R7,9,0
603,7,5650,R8,9,0
604,0,604,R1,9,1
604,1,1325,R2,9,1
604,2,2046,R3,9,1
604,3,2767,R4,9,1
604,4,3488,R5,9,1
604,5,4209,R6,9,1
604,6,4930,R7,9,1
604,7,5651,R8,9,1
605,0,605,R1,9,2
605,1,1326,R2,9,2
605,2,2047,R3,9,2
605,3,2768,R4,9,2
605,4,3489,R5,9,2
605,5,4210,R6,9,2
605,6,4931,R7,9,2
605,7,5652,R8,9,2
606,0,606,R1,9,3
606,1,1327,R2,9,3
606,2,2048,R3,9,3
606,3,2769,R4,9,3
606,4,3490,R5,9,3
606,5,4211,R6,9,3
606,6,4932,R7,9,3
606,7,5653,R8,9,3
607,0,607,R1,9,4
607,1,1328,R2,9,4
607,2,2049,R3,9,4
607,3,2770,R4,9,4
607,4,3491,R5,9,4
607,5,4212,R6,9,4
607,6,4933,R7,9,4
607,7,5654,R8,9,4
608,0,608,R1,9,5
608,1,1329,R2,9,5
608,2,2050,R3,9,5
608,3,2771,R4,9,5
608,4,3492,R5,9,5
608,5,4213,R6,9,5
608,6,4934,R7,9,5
608,7,5655,R8,9,5
609,0,609,R1,9,6
609,1,1330,R2,9,6
609,2,2051,R3,9,6
609,3,2772,R4,9,6
609,4,3493,R5,9,6
609,5,4214,R6,9,6
609,6,4935,R7,9,6
609,7,5656,R8,9,6
610,0,610,R1,10,-15
610,1,1331,R2,10,-15
610,2,2052,R3,10,-15
610,3,2773,R4,10,-15
610,4,3494,R5,10,-15
610,5,4215,R6,10,-15
610,6,4936,R7,10,-15
610,7,5657,R8,10,-15
611,0,611,R1,10,-14
611,1,1332,R2,10,-14
611,2,2053,R3,10,-14
611,3,2774,R4,10,-14
611,4,3495,R5,10,-14
611,5,4216,R6,10,-14
611,6,4937,R7,10,-14
611,7,5658,R8,10,-14
612,0,612,R1,10,-13
612,1,1333,R2,10,-13
612,2,2054,R3,10,-13
612,3,2775,R4,10,-13
612,4,3496,R5,10,-13
612,5,4217,R6,10,-13
612,6,4938,R7,10,-13
612,7,5659,R8,10,-13
613,0,613,R1,10,-12
613,1,1334,R2,10,-12
613,2,2055,R3,10,-12
613,3,2776,R4,10,-12
613,4,3497,R5,10,-12
613,5,4218,R6,10,-12
613,6,4939,R7,10,-12
613,7,5660,R8,10,-12
614,0,614,R1,10,-11
614,1,1335,R2,10,-11
614,2,2056,R3,10,-11
614,3,2777,R4,10,-11
614,4,3498,R5,10,-11
614,5,4219,R6,10,-11
614,6,4940,R7,10,-11
614,7,5661,R8,10,-11
615,0,615,R1,10,-10
615,1,1336,R2,10,-10
615,2,2057,R3,10,-10
615,3,2778,R4,10,-10
615,4,3499,R5,10,-10
615,5,4220,R6,10,-10
615,6,4941,R7,10,-10
615,7,5662,R8,10,-10
616,0,616,R1,10,-9
616,1,1337,R2,10,-9
616,2,2058,R3,10,-9
616,3,2779,R4,10,-9
616,4,3500,R5,10,-9
616,5,4221,R6,10,-9
616,6,4942,R7,10,-9
616,7,5663,R8,10,-9
617,0,617,R1,10,-8
617,1,1338,R2,10,-8
617,2,2059,R3,10,-8
617,3,2780,R4,10,-8
617,4,3501,R5,10,-8
617,5,4222,R6,10,-8
617,6,4943,R7,10,-8
617,7,5664,R8,10,-8
618,0,618,R1,10,-7
618,1,1339,R2,10,-7
618,2,2060,R3,10,-7
618,3,2781,R4,10,-7
618,4,3502,R5,10,-7
618,5,4223,R6,10,-7
618,6,4944,R7,10,-7
618,7,5665,R8,10,-7
619,0,619,R1,10,-6
619,1,1340,R2,10,-6
619,2,2061,R3,10,-6
619,3,2782,R4,10,-6
619,4,3503,R5,10,-6
619,5,4224,R6,10,-6
619,6,4945,R7,10,-6
619,7,5666,R8,10,-6
620,0,620,R1,10,-5
620,1,1341,R2,10,-5
620,2,2062,R3,10,-5
620,3,2783,R4,10,-5
620,4,3504,R5,10,-5
620,5,4225,R6,10,-5
620,6,4946,R7,10,-5
620,7,5667,R8,10,-5
621,0,621,R1,10,-4
621,1,1342,R2,10,-4
621,2,2063,R3,10,-4
621,3,2784,R4,10,-4
621,4,3505,R5,10,-4
621,5,4226,R6,10,-4
621,6,4947,R7,10,-4
621,7,5668,R8,10,-4
622,0,622,R1,10,-3
622,1,1343,R2,10,-3
622,2,2064,R3,10,-3
622,3,2785,R4,10,-3
622,4,3506,R5,10,-3
622,5,4227,R6,10,-3
622,6,4948,R7,10,-3
622,7,5669,R8,10,-3
623,0,623,R1,10,-2
623,1,1344,R2,10,-2
623,2,2065,R3,10,-2
623,3,2786,R4,10,-2
623,4,3507,R5,10,-2
623,5,4228,R6,10,-2
623,6,4949,R7,10,-2
623,7,5670,R8,10,-2
624,0,624,R1,10,-1
624,1,1345,R2,10,-1
624,2,2066,R3,10,-1
624,3,2787,R4,10,-1
624,4,3508,R5,10,-1
624,5,4229,R6,10,-1
624,6,4950,R7,10,-1
624,7,5671,R8,10,-1
625,0,625,R1,10,0
625,1,1346,R2,10,0
625,2,2067,R3,10,0
625,3,2788,R4,10,0
625,4,3509,R5,10,0
625,5,4230,R6,10,0
625,6,4951,R7,10,0
625,7,5672,R8,10,0
626,0,626,R1,10,1
626,1,1347,R2,10,1
626,2,2068,R3,10,1
626,3,2789,R4,10,1
626,4,3510,R5,10,1
626,5,4231,R6,10,1
626,6,4952,R7,10,1
626,7,5673,R8,10,1
627,0,627,R1,10,2
627,1,1348,R2,10,2
627,2,2069,R3,10,2
627,3,2790,R4,10,2
627,4,3511,R5,10,2
627,5,4232,R6,10,2
627,6,4953,R7,10,2
627,7,5674,R8,10,2
628,0,628,R1,10,3
628,1,1349,R2,10,3
628,2,2070,R3,10,3
628,3,2791,R4,10,3
628,4,3512,R5,10,3
628,5,4233,R6,10,3
628,6,4954,R7,10,3
628,7,5675,R8,10,3
629,0,629,R1,10,4
629,1,1350,R2,10,4
629,2,2071,R3,10,4
629,3,2792,R4,10,4
629,4,3513,R5,10,4
629,5,4234,R6,10,4
629,6,4955,R7,10,4
629,7,5676,R8,10,4
630,0,630,R1,10,5
630,1,1351,R2,10,5
630,2,2072,R3,10,5
630,3,2793,R4,10,5
630,4,3514,R5,10,5
630,5,4235,R6,10,5
630,6,4956,R7,10,5
630,7,5677,R8,10,5
631,0,631,R1,11,-15
631,1,1352,R2,11,-15
631,2,2073,R3,11,-15
631,3,2794,R4,11,-15
631,4,3515,R5,11,-15
631,5,4236,R6,11,-15
631,6,4957,R7,11,-15
631,7,5678,R8,11,-15
632,0,632,R1,11,-14
632,1,1353,R2,11,-14
632,2,2074,R3,11,-14
632,3,2795,R4,11,-14
632,4,3516,R5,11,-14
632,5,4237,R6,11,-14
632,6,4958,R7,11,-14
632,7,5679,R8,11,-14
633,0,633,R1,11,-13
633,1,1354,R2,11,-13
633,2,2075,R3,11,-13
633,3,2796,R4,11,-13
633,4,3517,R5,11,-13
633,5,4238,R6,11,-13
633,6,4959,R7,11,-13
633,7,5680,R8,11,-13
634,0,634,R1,11,-12
634,1,1355,R2,11,-12
634,2,2076,R3,11,-12
634,3,2797,R4,11,-12
634,4,3518,R5,11,-12
634,5,4239,R6,11,-12
634,6,4960,R7,11,-12
634,7,5681,R8,11,-12
635,0,635,R1,11,-11
635,1,1356,R2,11,-11
635,2,2077,R3,11,-11
635,3,2798,R4,11,-11
635,4,3519,R5,11,-11
635,5,4240,R6,11,-11
635,6,4961,R7,11,-11
635,7,5682,R8,11,-11
636,0,636,R1,11,-10
636,1,1357,R2,11,-10
636,2,2078,R3,11,-10
636,3,2799,R4,11,-10
636,4,3520,R5,11,-10
636,5,4241,R6,11,-10
636,6,4962,R7,11,-10
636,7,5683,R8,11,-10
637,0,637,R1,11,-9
637,1,1358,R2,11,-9
637,2,2079,R3,11,-9
637,3,2800,R4,11,-9
637,4,3521,R5,11,-9
637,5,4242,R6,11,-9
637,6,4963,R7,11,-9
637,7,5684,R8,11,-9
638,0,638,R1,11,-8
638,1,1359,R2,11,-8
638,2,2080,R3,11,-8
638,3,2801,R4,11,-8
638,4,3522,R5,11,-8
638,5,4243,R6,11,-8
638,6,4964,R7,11,-8
638,7,5685,R8,11,-8
639,0,639,R1,11,-7
639,1,1360,R2,11,-7
639,2,2081,R3,11,-7
639,3,2802,R4,11,-7
639,4,3523,R5,11,-7
639,5,4244,R6,11,-7
639,6,4965,R7,11,-7
639,7,5686,R8,11,-7
640,0,640,R1,11,-6
640,1,1361,R2,11,-6
640,2,2082,R3,11,-6
640,3,2803,R4,11,-6
640,4,3524,R5,11,-6
640,5,4245,R6,11,-6
640,6,4966,R7,11,-6
640,7,5687,R8,11,-6
641,0,641,R1,11,-5
641,1,1362,R2,11,-5
641,2,2083,R3,11,-5
641,3,2804,R4,11,-5
641,4,3525,R5,11,-5
641,5,4246,R6,11,-5
641,6,4967,R7,11,-5
641,7,5688,R8,11,-5
642,0,642,R1,11,-4
642,1,1363,R2,11,-4
642,2,2084,R3,11,-4
642,3,2805,R4,11,-4
642,4,3526,R5,11,-4
642,5,4247,R6,11,-4
642,6,4968,R7,11,-4
642,7,5689,R8,11,-4
643,0,643,R1,11,-3
643,1,1364,R2,11,-3
643,2,2085,R3,11,-3
643,3,2806,R4,11,-3
643,4,3527,R5,11,-3
643,5,4248,R6,11,-3
643,6,4969,R7,11,-3
643,7,5690,R8,11,-3
644,0,644,R1,11,-2
644,1,1365,R2,11,-2
644,2,2086,R3,11,-2
644,3,2807,R4,11,-2
644,4,3528,R5,11,-2
644,5,4249,R6,11,-2
644,6,4970,R7,11,-2
644,7,5691,R8,11,-2
645,0,645,R1,11,-1
645,1,1366,R2,11,-1
645,2,2087,R3,11,-1
645,3,2808,R4,11,-1
645,4,3529,R5,11,-1
645,5,4250,R6,11,-1
645,6,4971,R7,11,-1
645,7,5692,R8,11,-1
646,0,646,R1,11,0
646,1,1367,R2,11,0
646,2,2088,R3,11,0
646,3,2809,R4,11,0
646,4,3530,R5,11,0
646,5,4251,R6,11,0
646,6,4972,R7,11,0
646,7,5693,R8,11,0
647,0,647,R1,11,1
647,1,1368,R2,11,1
647,2,2089,R3,11,1
647,3,2810,R4,11,1
647,4,3531,R5,11,1
647,5,4252,R6,11,1
647,6,4973,R7,11,1
647,7,5694,R8,11,1
648,0,648,R1,11,2
648,1,1369,R2,11,2
648,2,2090,R3,11,2
648,3,2811,R4,11,2
648,4,3532,R5,11,2
648,5,4253,R6,11,2
648,6,4974,R7,11,2
648,7,5695,R8,11,2
649,0,649,R1,11,3
649,1,1370,R2,11,3
649,2,2091,R3,11,3
649,3,2812,R4,11,3
649,4,3533,R5,11,3
649,5,4254,R6,11,3
649,6,4975,R7,11,3
649,7,5696,R8,11,3
650,0,650,R1,11,4
650,1,1371,R2,11,4
650,2,2092,R3,11,4
650,3,2813,R4,11,4
650,4,3534,R5,11,4
650,5,4255,R6,11,4
650,6,4976,R7,11,4
650,7,5697,R8,11,4
651,0,651,R1,12,-15
651,1,1372,R2,12,-15
651,2,2093,R3,12,-15
651,3,2814,R4,12,-15
651,4,3535,R5,12,-15
651,5,4256,R6,12,-15
651,6,4977,R7,12,-15
651,7,5698,R8,12,-15
652,0,652,R1,12,-14
652,1,1373,R2,12,-14
652,2,2094,R3,12,-14
652,3,2815,R4,12,-14
652,4,3536,R5,12,-14
652,5,4257,R6,12,-14
652,6,4978,R7,12,-14
652,7,5699,R8,12,-14
653,0,653,R1,12,-13
653,1,1374,R2,12,-13
653,2,2095,R3,12,-13
653,3,2816,R4,12,-13
653,4,3537,R5,12,-13
653,5,4258,R6,12,-13
653,6,4979,R7,12,-13
653,7,5700,R8,12,-13
654,0,654,R1,12,-12
654,1,1375,R2,12,-12
654,2,2096,R3,12,-12
654,3,2817,R4,12,-12
654,4,3538,R5,12,-12
654,5,4259,R6,12,-12
654,6,4980,R7,12,-12
654,7,5701,R8,12,-12
655,0,655,R1,12,-11
655,1,1376,R2,12,-11
655,2,2097,R3,12,-11
655,3,2818,R4,12,-11
655,4,3539,R5,12,-11
655,5,4260,R6,12,-11
655,6,4981,R7,12,-11
655,7,5702,R8,12,-11
656,0,656,R1,12,-10
656,1,1377,R2,12,-10
656,2,2098,R3,12,-10
656,3,2819,R4,12,-10
656,4,3540,R5,12,-10
656,5,4261,R6,12,-10
656,6,4982,R7,12,-10
656,7,5703,R8,12,-10
657,0,657,R1,12,-9
657,1,1378,R2,12,-9
657,2,2099,R3,12,-9
657,3,2820,R4,12,-9
657,4,3541,R5,12,-9
657,5,4262,R6,12,-9
657,6,4983,R7,12,-9
657,7,5704,R8,12,-9
658,0,658,R1,12,-8
658,1,1379,R2,12,-8
658,2,2100,R3,12,-8
658,3,2821,R4,12,-8
658,4,3542,R5,12,-8
658,5,4263,R6,12,-8
658,6,4984,R7,12,-8
658,7,5705,R8,12,-8
659,0,659,R1,12,-7
659,1,1380,R2,12,-7
659,2,2101,R3,12,-7
659,3,2822,R4,12,-7
659,4,3543,R5,12,-7
659,5,4264,R6,12,-7
659,6,4985,R7,12,-7
659,7,5706,R8,12,-7
660,0,660,R1,12,-6
660,1,1381,R2,12,-6
660,2,2102,R3,12,-6
660,3,2823,R4,12,-6
660,4,3544,R5,12,-6
660,5,4265,R6,12,-6
660,6,4986,R7,12,-6
660,7,5707,R8,12,-6
661,0,661,R1,12,-5
661,1,1382,R2,12,-5
661,2,2103,R3,12,-5
661,3,2824,R4,12,-5
661,4,3545,R5,12,-5
661,5,4266,R6,12,-5
661,6,4987,R7,12,-5
661,7,5708,R8,12,-5
662,0,662,R1,12,-4
662,1,1383,R2,12,-4
662,2,2104,R3,12,-4
662,3,2825,R4,12,-4
662,4,3546,R5,12,-4
662,5,4267,R6,12,-4
662,6,4988,R7,12,-4
662,7,5709,R8,12,-4
663,0,663,R1,12,-3
663,1,1384,R2,12,-3
663,2,2105,R3,12,-3
663,3,2826,R4,12,-3
663,4,3547,R5,12,-3
663,5,4268,R6,12,-3
663,6,4989,R7,12,-3
663,7,5710,R8,12,-3
664,0,664,R1,12,-2
664,1,1385,R2,12,-2
664,2,2106,R3,12,-2
664,3,2827,R4,12,-2
664,4,3548,R5,12,-2
664,5,4269,R6,12,-2
664,6,4990,R7,12,-2
664,7,5711,R8,12,-2
665,0,665,R1,12,-1
665,1,1386,R2,12,-1
665,2,2107,R3,12,-1
665,3,2828,R4,12,-1
665,4,3549,R5,12,-1
665,5,4270,R6,12,-1
665,6,4991,R7,12,-1
665,7,5712,R8,12,-1
666,0,666,R1,12,0
666,1,1387,R2,12,0
666,2,2108,R3,12,0
666,3,2829,R4,12,0
666,4,3550,R5,12,0
666,5,4271,R6,12,0
666,6,4992,R7,12,0
666,7,5713,R8,12,0
667,0,667,R1,12,1
667,1,1388,R2,12,1
667,2,2109,R3,12,1
667,3,2830,R4,12,1
667,4,3551,R5,12,1
667,5,4272,R6,12,1
667,6,4993,R7,12,1
667,7,5714,R8,12,1
668,0,668,R1,12,2
668,1,1389,R2,12,2
668,2,2110,R3,12,2
668,3,2831,R4,12,2
668,4,3552,R5,12,2
668,5,4273,R6,12,2
668,6,4994,R7,12,2
668,7,5715,R8,12,2
669,0,669,R1,12,3
669,1,1390,R2,12,3
669,2,2111,R3,12,3
669,3,2832,R4,12,3
669,4,3553,R5,12,3
669,5,4274,R6,12,3
669,6,4995,R7,12,3
669,7,5716,R8,12,3
670,0,670,R1,13,-15
670,1,1391,R2,13,-15
670,2,2112,R3,13,-15
670,3,2833,R4,13,-15
670,4,3554,R5,13,-15
670,5,4275,R6,13,-15
670,6,4996,R7,13,-15
670,7,5717,R8,13,-15
671,0,671,R1,13,-14
671,1,1392,R2,13,-14
671,2,2113,R3,13,-14
671,3,2834,R4,13,-14
671,4,3555,R5,13,-14
671,5,4276,R6,13,-14
671,6,4997,R7,13,-14
671,7,5718,R8,13,-14
672,0,672,R1,13,-13
672,1,1393,R2,13,-13
672,2,2114,R3,13,-13
672,3,2835,R4,13,-13
672,4,3556,R5,13,-13
672,5,4277,R6,13,-13
672,6,4998,R7,13,-13
672,7,5719,R8,13,-13
673,0,673,R1,13,-12
673,1,1394,R2,13,-12
673,2,2115,R3,13,-12
673,3,2836,R4,13,-12
673,4,3557,R5,13,-12
673,5,4278,R6,13,-12
673,6,4999,R7,13,-12
673,7,5720,R8,13,-12
674,0,674,R1,13,-11
674,1,1395,R2,13,-11
674,2,2116,R3,13,-11
674,3,2837,R4,13,-11
674,4,3558,R5,13,-11
674,5,4279,R6,13,-11
674,6,5000,R7,13,-11
674,7,5721,R8,13,-11
675,0,675,R1,13,-10
675,1,1396,R2,13,-10
675,2,2117,R3,13,-10
675,3,2838,R4,13,-10
675,4,3559,R5,13,-10
675,5,4280,R6,13,-10
675,6,5001,R7,13,-10
675,7,5722,R8,13,-10
676,0,676,R1,13,-9
676,1,1397,R2,13,-9
676,2,2118,R3,13,-9
676,3,2839,R4,13,-9
676,4,3560,R5,13,-9
676,5,4281,R6,13,-9
676,6,5002,R7,13,-9
676,7,5723,R8,13,-9
677,0,677,R1,13,-8
677,1,1398,R2,13,-8
677,2,2119,R3,13,-8
677,3,2840,R4,13,-8
677,4,3561,R5,13,-8
677,5,4282,R6,13,-8
677,6,5003,R7,13,-8
677,7,5724,R8,13,-8
678,0,678,R1,13,-7
678,1,1399,R2,13,-7
678,2,2120,R3,13,-7
678,3,2841,R4,13,-7
678,4,3562,R5,13,-7
678,5,4283,R6,13,-7
678,6,5004,R7,13,-7
678,7,5725,R8,13,-7
679,0,679,R1,13,-6
679,1,1400,R2,13,-6
679,2,2121,R3,13,-6
679,3,2842,R4,13,-6
679,4,3563,R5,13,-6
679,5,4284,R6,13,-6
679,6,5005,R7,13,-6
679,7,5726,R8,13,-6
680,0,680,R1,13,-5
680,1,1401,R2,13,-5
680,2,2122,R3,13,-5
680,3,2843,R4,13,-5
680,4,3564,R5,13,-5
680,5,4285,R6,13,-5
680,6,5006,R7,13,-5
680,7,5727,R8,13,-5
681,0,681,R1,13,-4
681,1,1402,R2,13,-4
681,2,2123,R3,13,-4
681,3,2844,R4,13,-4
681,4,3565,R5,13,-4
681,5,4286,R6,13,-4
681,6,5007,R7,13,-4
681,7,5728,R8,13,-4
682,0,682,R1,13,-3
682,1,1403,R2,13,-3
682,2,2124,R3,13,-3
682,3,2845,R4,13,-3
682,4,3566,R5,13,-3
682,5,4287,R6,13,-3
682,6,5008,R7,13,-3
682,7,5729,R8,13,-3
683,0,683,R1,13,-2
683,1,1404,R2,13,-2
683,2,2125,R3,13,-2
683,3,2846,R4,13,-2
683,4,3567,R5,13,-2
683,5,4288,R6,13,-2
683,6,5009,R7,13,-2
683,7,5730,R8,13,-2
684,0,684,R1,13,-1
684,1,1405,R2,13,-1
684,2,2126,R3,13,-1
684,3,2847,R4,13,-1
684,4,3568,R5,13,-1
684,5,4289,R6,13,-1
684,6,5010,R7,13,-1
684,7,5731,R8,13,-1
685,0,685,R1,13,0
685,1,1406,R2,13,0
685,2,2127,R3,13,0
685,3,2848,R4,13,0
685,4,3569,R5,13,0
685,5,4290,R6,13,0
685,6,5011,R7,13,0
685,7,5732,R8,13,0
686,0,686,R1,13,1
686,1,1407,R2,13,1
686,2,2128,R3,13,1
686,3,2849,R4,13,1
686,4,3570,R5,13,1
686,5,4291,R6,13,1
686,6,5012,R7,13,1
686,7,5733,R8,13,1
687,0,687,R1,13,2
687,1,1408,R2,13,2
687,2,2129,R3,13,2
687,3,2850,R4,13,2
687,4,3571,R5,13,2
687,5,4292,R6,13,2
687,6,5013,R7,13,2
687,7,5734,R8,13,2
688,0,688,R1,14,-15
688,1,1409,R2,14,-15
688,2,2130,R3,14,-15
688,3,2851,R4,14,-15
688,4,3572,R5,14,-15
688,5,4293,R6,14,-15
688,6,5014,R7,14,-15
688,7,5735,R8,14,-15
689,0,689,R1,14,-14
689,1,1410,R2,14,-14
689,2,2131,R3,14,-14
689,3,2852,R4,14,-14
689,4,3573,R5,14,-14
689,5,4294,R6,14,-14
689,6,5015,R7,14,-14
689,7,5736,R8,14,-14
690,0,690,R1,14,-13
690,1,1411,R2,14,-13
690,2,2132,R3,14,-13
690,3,2853,R4,14,-13
690,4,3574,R5,14,-13
690,5,4295,R6,14,-13
690,6,5016,R7,14,-13
690,7,5737,R8,14,-13
691,0,691,R1,14,-12
691,1,1412,R2,14,-12
691,2,2133,R3,14,-12
691,3,2854,R4,14,-12
691,4,3575,R5,14,-12
691,5,4296,R6,14,-12
691,6,5017,R7,14,-12
691,7,5738,R8,14,-12
692,0,692,R1,14,-11
692,1,1413,R2,14,-11
692,2,2134,R3,14,-11
692,3,2855,R4,14,-11
692,4,3576,R5,14,-11
692,5,4297,R6,14,-11
692,6,5018,R7,14,-11
692,7,5739,R8,14,-11
693,0,693,R1,14,-10
693,1,1414,R2,14,-10
693,2,2135,R3,14,-10
693,3,2856,R4,14,-10
693,4,3577,R5,14,-10
693,5,4298,R6,14,-10
693,6,5019,R7,14,-10
693,7,5740,R8,14,-10
694,0,694,R1,14,-9
694,1,1415,R2,14,-9
694,2,2136,R3,14,-9
694,3,2857,R4,14,-9
694,4,3578,R5,14,-9
694,5,4299,R6,14,-9
694,6,5020,R7,14,-9
694,7,5741,R8,14,-9
695,0,695,R1,14,-8
695,1,1416,R2,14,-8
695,2,2137,R3,14,-8
695,3,2858,R4,14,-8
695,4,3579,R5,14,-8
695,5,4300,R6,14,-8
695,6,5021,R7,14,-8
695,7,5742,R8,14,-8
696,0,696,R1,14,-7
696,1,1417,R2,14,-7
696,2,2138,R3,14,-7
696,3,2859,R4,14,-7
696,4,3580,R5,14,-7
696,5,4301,R6,14,-7
696,6,5022,R7,14,-7
696,7,5743,R8,14,-7
697,0,697,R1,14,-6
697,1,1418,R2,14,-6
697,2,2139,R3,14,-6
697,3,2860,R4,14,-6
697,4,3581,R5,14,-6
697,5,4302,R6,14,-6
697,6,5023,R7,14,-6
697,7,5744,R8,14,-6
698,0,698,R1,14,-5
698,1,1419,R2,14,-5
698,2,2140,R3,14,-5
698,3,2861,R4,14,-5
698,4,3582,R5,14,-5
698,5,4303,R6,14,-5
698,6,5024,R7,14,-5
698,7,5745,R8,14,-5
699,0,699,R1,14,-4
699,1,1420,R2,14,-4
699,2,2141,R3,14,-4
699,3,2862,R4,14,-4
699,4,3583,R5,14,-4
699,5,4304,R6,14,-4
699,6,5025,R7,14,-4
699,7,5746,R8,14,-4
700,0,700,R1,14,-3
700,1,1421,R2,14,-3
700,2,2142,R3,14,-3
700,3,2863,R4,14,-3
700,4,3584,R5,14,-3
700,5,4305,R6,14,-3
700,6,5026,R7,14,-3
700,7,5747,R8,14,-3
701,0,701,R1,14,-2
701,1,1422,R2,14,-2
701,2,2143,R3,14,-2
701,3,2864,R4,14,-2
701,4,3585,R5,14,-2
701,5,4306,R6,14,-2
701,6,5027,R7,14,-2
701,7,5748,R8,14,-2
702,0,702,R1,14,-1
702,1,1423,R2,14,-1
702,2,2144,R3,14,-1
702,3,2865,R4,14,-1
702,4,3586,R5,14,-1
702,5,4307,R6,14,-1
702,6,5028,R7,14,-1
702,7,5749,R8,14,-1
703,0,703,R1,14,0
703,1,1424,R2,14,0
703,2,2145,R3,14,0
703,3,2866,R4,14,0
703,4,3587,R5,14,0
703,5,4308,R6,14,0
703,6,5029,R7,14,0
703,7,5750,R8,14,0
704,0,704,R1,14,1
704,1,1425,R2,14,1
704,2,2146,R3,14,1
704,3,2867,R4,14,1
704,4,3588,R5,14,1
704,5,4309,R6,14,1
704,6,5030,R7,14,1
704,7,5751,R8,14,1
705,0,705,R1,15,-15
705,1,1426,R2,15,-15
705,2,2147,R3,15,-15
705,3,2868,R4,15,-15
705,4,3589,R5,15,-15
705,5,4310,R6,15,-15
705,6,5031,R7,15,-15
705,7,5752,R8,15,-15
706,0,706,R1,15,-14
706,1,1427,R2,15,-14
706,2,2148,R3,15,-14
706,3,2869,R4,15,-14
706,4,3590,R5,15,-14
706,5,4311,R6,15,-14
706,6,5032,R7,15,-14
706,7,5753,R8,15,-14
707,0,707,R1,15,-13
707,1,1428,R2,15,-13
707,2,2149,R3,15,-13
707,3,2870,R4,15,-13
707,4,3591,R5,15,-13
707,5,4312,R6,15,-13
707,6,5033,R7,15,-13
707,7,5754,R8,15,-13
708,0,708,R1,15,-12
708,1,1429,R2,15,-12
708,2,2150,R3,15,-12
708,3,2871,R4,15,-12
708,4,3592,R5,15,-12
708,5,4313,R6,15,-12
708,6,5034,R7,15,-12
708,7,5755,R8,15,-12
709,0,709,R1,15,-11
709,1,1430,R2,15,-11
709,2,2151,R3,15,-11
709,3,2872,R4,15,-11
709,4,3593,R5,15,-11
709,5,4314,R6,15,-11
709,6,5035,R7,15,-11
709,7,5756,R8,15,-11
710,0,710,R1,15,-10
710,1,1431,R2,15,-10
710,2,2152,R3,15,-10
710,3,2873,R4,15,-10
710,4,3594,R5,15,-10
710,5,4315,R6,15,-10
710,6,5036,R7,15,-10
710,7,5757,R8,15,-10
711,0,711,R1,15,-9
711,1,1432,R2,15,-9
711,2,2153,R3,15,-9
711,3,2874,R4,15,-9
711,4,3595,R5,15,-9
711,5,4316,R6,15,-9
711,6,5037,R7,15,-9
711,7,5758,R8,15,-9
712,0,712,R1,15,-8
712,1,1433,R2,15,-8
712,2,2154,R3,15,-8
712,3,2875,R4,15,-8
712,4,3596,R5,15,-8
712,5,4317,R6,15,-8
712,6,5038,R7,15,-8
712,7,5759,R8,15,-8
713,0,713,R1,15,-7
713,1,1434,R2,15,-7
713,2,2155,R3,15,-7
713,3,2876,R4,15,-7
713,4,3597,R5,15,-7
713,5,4318,R6,15,-7
713,6,5039,R7,15,-7
713,7,5760,R8,15,-7
714,0,714,R1,15,-6
714,1,1435,R2,15,-6
714,2,2156,R3,15,-6
714,3,2877,R4,15,-6
714,4,3598,R5,15,-6
714,5,4319,R6,15,-6
714,6,5040,R7,15,-6
714,7,5761,R8,15,-6
715,0,715,R1,15,-5
715,1,1436,R2,15,-5
715,2,2157,R3,15,-5
715,3,2878,R4,15,-5
715,4,3599,R5,15,-5
715,5,4320,R6,15,-5
715,6,5041,R7,15,-5
715,7,5762,R8,15,-5
716,0,716,R1,15,-4
716,1,1437,R2,15,-4
716,2,2158,R3,15,-4
716,3,2879,R4,15,-4
716,4,3600,R5,15,-4
716,5,4321,R6,15,-4
716,6,5042,R7,15,-4
716,7,5763,R8,15,-4
717,0,717,R1,15,-3
717,1,1438,R2,15,-3
717,2,2159,R3,15,-3
717,3,2880,R4,15,-3
717,4,3601,R5,15,-3
717,5,4322,R6,15,-3
717,6,5043,R7,15,-3
717,7,5764,R8,15,-3
718,0,718,R1,15,-2
718,1,1439,R2,15,-2
718,2,2160,R3,15,-2
718,3,2881,R4,15,-2
718,4,3602,R5,15,-2
718,5,4323,R6,15,-2
718,6,5044,R7,15,-2
718,7,5765,R8,15,-2
719,0,719,R1,15,-1
719,1,1440,R2,15,-1
719,2,2161,R3,15,-1
719,3,2882,R4,15,-1
719,4,3603,R5,15,-1
719,5,4324,R6,15,-1
719,6,5045,R7,15,-1
719,7,5766,R8,15,-1
720,0,720,R1,15,0
720,1,1441,R2,15,0
720,2,2162,R3,15,0
720,3,2883,R4,15,0
720,4,3604,R5,15,0
720,5,4325,R6,15,0
720,6,5046,R7,15,0
720,7,5767,R8,15,0
